"","site_id","lat","long","year","month","fishkill.inv.seq.no","cause.group","anthropogenic","infectious","summerkill","thermal_stress","unknown","winterkill"
"1","nhd_7014051","43.67206093","-92.9718386","2003","jan","8","unknown",0,0,0,0,1,0
"2","nhd_1101882","44.89662953","-93.56473256","2003","apr","9","summerkill",0,0,1,0,0,0
"3","nhd_2384572","44.88645161","-93.46881123","2003","apr","10","summerkill",0,0,1,0,0,0
"4","nhd_6646370","45.56135133","-96.44396902","2003","apr","11","unknown",0,0,0,0,1,0
"6","nhd_10595596","44.19673204","-93.89609447","2003","apr","13","summerkill",0,0,1,0,0,0
"7","nhd_1101490","44.99316937","-93.33847984","2003","apr","14","summerkill",0,0,1,0,0,0
"8","nhd_10595598","44.19011573","-93.80212869","2003","apr","15","summerkill",0,0,1,0,0,0
"9","nhd_4250586","45.06433738","-93.68174837","2003","apr","16","infectious",0,1,0,0,0,0
"10","nhd_4412654","45.9062865","-95.8103655","2003","may","17","unknown",0,0,0,0,1,0
"11","nhd_2031703","44.39299465","-93.32393543","2003","may","18","infectious",0,1,0,0,0,0
"12","nhd_2031671","44.41499366","-93.34159494","2003","may","19","infectious",0,1,0,0,0,0
"13","nhd_4141086","44.30945245","-93.91844382","2003","jun","20","infectious",0,1,0,0,0,0
"14","nhd_120052017","45.40992204","-96.61179963","2003","jul","21","unknown",0,0,0,0,1,0
"15","nhd_1101684","44.94180224","-93.31175871","2003","aug","22","infectious",0,1,0,0,0,0
"16","nhd_2723937","45.27042477","-94.02649649","2003","aug","23","summerkill",0,0,1,0,0,0
"17","nhd_1101490","44.99316937","-93.33847984","2003","aug","24","summerkill",0,0,1,0,0,0
"18","nhd_4251934","45.10674448","-94.54001388","2003","aug","25","anthropogenic",1,0,0,0,0,0
"19","nhd_167122172","46.45509327","-94.34901297","2003","aug","26","summerkill",0,0,1,0,0,0
"20","nhd_6688281","46.86243201","-96.3739158","2003","aug","27","unknown",0,0,0,0,1,0
"21","nhd_4046678","44.30698677","-94.73378058","2003","sep","29","unknown",0,0,0,0,1,0
"22","nhd_4141906","44.18645696","-94.01703794","2003","oct","30","winterkill",0,0,0,0,0,1
"23","nhd_4122194","44.68609259","-95.53105159","2003","oct","31","unknown",0,0,0,0,1,0
"24","nhd_7157010","48.38947826","-93.42448456","2003","nov","32","anthropogenic",1,0,0,0,0,0
"25","nhd_13282702","43.07828338","-88.9305651","2004","jan","33","infectious",0,1,0,0,0,0
"26","nhd_2384650","44.8627981","-93.41399215","2004","mar","34","winterkill",0,0,0,0,0,1
"27","nhd_7028377","47.23271423","-95.64485816","2004","mar","35","winterkill",0,0,0,0,0,1
"28","nhd_6646370","45.56135133","-96.44396902","2004","apr","36","unknown",0,0,0,0,1,0
"29","nhd_1101722","44.933078","-93.67518393","2004","apr","37","winterkill",0,0,0,0,0,1
"30","nhd_1098804","45.20147139","-93.50499265","2004","apr","38","summerkill",0,0,1,0,0,0
"32","nhd_13102805","45.07114547","-90.94280908","2004","apr","40","winterkill",0,0,0,0,0,1
"33","nhd_14726396","45.34159136","-89.20103417","2004","may","41","unknown",0,0,0,0,1,0
"34","nhd_12174540","44.13826755","-88.03803445","2004","jun","42","infectious",0,1,0,0,0,0
"35","nhd_2647328","45.21430141","-92.57203735","2004","jun","43","infectious",0,1,0,0,0,0
"36","nhd_12161140","43.65325655","-88.2103717","2004","jun","44","infectious",0,1,0,0,0,0
"37","nhd_2264087","45.83989908","-91.82496915","2004","jun","45","infectious",0,1,0,0,0,0
"38","nhd_4141928","44.13949341","-94.14919307","2004","jun","46","unknown",0,0,0,0,1,0
"39","nhd_1101754","44.92173331","-93.30491681","2004","jun","47","infectious",0,1,0,0,0,0
"40","nhd_6819686","45.26131521","-88.31174217","2004","jun","48","infectious",0,1,0,0,0,0
"41","nhd_1855083","45.9955634","-92.1363665","2004","jun","49","infectious",0,1,0,0,0,0
"42","nhd_4415336","45.39048333","-95.56945189","2004","jun","50","unknown",0,0,0,0,1,0
"43","nhd_2643664","45.74124035","-92.58210679","2004","jun","51","infectious",0,1,0,0,0,0
"44","nhd_12177402","43.04704463","-87.89281373","2004","jun","52","infectious",0,1,0,0,0,0
"45","nhd_1850011","46.09332974","-91.98420612","2004","jun","53","infectious",0,1,0,0,0,0
"46","nhd_1855143","45.98417696","-92.02095576","2004","jun","54","infectious",0,1,0,0,0,0
"47","nhd_2262401","46.15332388","-92.17268314","2004","jun","55","infectious",0,1,0,0,0,0
"48","nhd_12174532","44.1526759","-88.04917294","2004","jun","56","infectious",0,1,0,0,0,0
"49","nhd_2266211","45.90936778","-92.33785407","2004","jun","57","infectious",0,1,0,0,0,0
"51","nhd_13296526","42.67155945","-89.00701496","2004","jul","59","summerkill",0,0,1,0,0,0
"53","nhd_6652777","47.03807007","-95.54212595","2004","aug","65","summerkill",0,0,1,0,0,0
"55","nhd_4981310","45.36667676","-94.27488646","2004","aug","67","unknown",0,0,0,0,1,0
"57","nhd_4136984","44.29176635","-96.24067422","2004","sep","71","summerkill",0,0,1,0,0,0
"60","nhd_2647948","45.04825968","-92.82335736","2004","dec","75","winterkill",0,0,0,0,0,1
"63","nhd_2721881","45.34186064","-93.75535143","2005","mar","78","winterkill",0,0,0,0,0,1
"64","nhd_13623747","43.6917033","-90.79605026","2005","mar","79","anthropogenic",1,0,0,0,0,0
"65","nhd_4972103","45.57862703","-94.40001761","2005","mar","80","winterkill",0,0,0,0,0,1
"67","nhd_14710140","43.9816586","-90.52329629","2005","apr","82","anthropogenic",1,0,0,0,0,0
"68","nhd_14730156","44.74802475","-89.85301031","2005","apr","83","winterkill",0,0,0,0,0,1
"69","nhd_10595596","44.19673204","-93.89609447","2005","apr","85","unknown",0,0,0,0,1,0
"70","nhd_13107551","44.58704997","-92.54846056","2005","apr","86","anthropogenic",1,0,0,0,0,0
"71","nhd_14726286","45.37219119","-89.27080306","2005","may","87","unknown",0,0,0,0,1,0
"72","nhd_13105849","44.80827814","-91.52200083","2005","may","88","infectious",0,1,0,0,0,0
"73","nhd_1099384","45.0528229","-93.33602502","2005","may","89","infectious",0,1,0,0,0,0
"74","nhd_13105805","44.88055571","-91.4432932","2005","jun","90","infectious",0,1,0,0,0,0
"75","nhd_1101492","44.99339135","-93.47190337","2005","jun","91","infectious",0,1,0,0,0,0
"76","nhd_120052041","45.49596096","-93.93744063","2005","jun","92","infectious",0,1,0,0,0,0
"77","nhd_22321609","47.66988994","-94.88876055","2005","jun","93","infectious",0,1,0,0,0,0
"79","nhd_2385496","44.70063382","-93.47393938","2005","jun","97","infectious",0,1,0,0,0,0
"80","nhd_1099172","45.09179754","-93.46332218","2005","jun","98","infectious",0,1,0,0,0,0
"81","nhd_2650216","45.35151844","-93.10771975","2005","jun","99","infectious",0,1,0,0,0,0
"82","nhd_1099140","45.10908146","-93.22874702","2005","jun","100","infectious",0,1,0,0,0,0
"83","nhd_2439808","44.03284961","-92.45710574","2005","jun","103","infectious",0,1,0,0,0,0
"84","nhd_1855117","45.98660083","-92.08007371","2005","jun","104","infectious",0,1,0,0,0,0
"85","nhd_2723763","45.31742652","-94.03925905","2005","jun","105","infectious",0,1,0,0,0,0
"86","nhd_1855411","45.91840533","-92.03857997","2005","jun","106","infectious",0,1,0,0,0,0
"87","nhd_2264087","45.83989908","-91.82496915","2005","jun","107","infectious",0,1,0,0,0,0
"88","nhd_2723403","45.44648361","-94.0449562","2005","jun","108","anthropogenic",1,0,0,0,0,0
"89","nhd_1799681","46.62410774","-92.45966384","2005","jun","109","unknown",0,0,0,0,1,0
"90","nhd_2266531","45.82651967","-92.32196459","2005","jun","110","summerkill",0,0,1,0,0,0
"91","nhd_2034063","43.89157965","-93.34907033","2005","jul","111","infectious",0,1,0,0,0,0
"92","nhd_14726284","45.37450514","-89.20725604","2005","jul","112","summerkill",0,0,1,0,0,0
"94","nhd_2423307","44.14013492","-94.61240974","2005","jul","116","summerkill",0,0,1,0,0,0
"95","nhd_120053321","45.20829686","-93.99639833","2005","jul","118","summerkill",0,0,1,0,0,0
"96","nhd_1099500","45.03060623","-93.41547368","2005","jul","119","summerkill",0,0,1,0,0,0
"97","nhd_2439808","44.03284961","-92.45710574","2005","jul","120","infectious",0,1,0,0,0,0
"99","nhd_10595756","44.0481717","-93.87552076","2005","aug","122","unknown",0,0,0,0,1,0
"100","nhd_1099450","45.03514563","-93.12234022","2005","aug","123","summerkill",0,0,1,0,0,0
"101","nhd_1099370","45.05503776","-93.43318157","2005","aug","126","anthropogenic",1,0,0,0,0,0
"102","nhd_4141906","44.18645696","-94.01703794","2005","aug","127","unknown",0,0,0,0,1,0
"103","nhd_13630667","43.53082613","-89.25405711","2005","aug","129","summerkill",0,0,1,0,0,0
"104","nhd_4620676","46.64569493","-94.23088279","2005","aug","130","unknown",0,0,0,0,1,0
"105","nhd_1873493","44.65432575","-92.71523537","2005","aug","132","infectious",0,1,0,0,0,0
"106","nhd_4141906","44.18645696","-94.01703794","2005","sep","133","infectious",0,1,0,0,0,0
"108","nhd_4123858","44.40466547","-96.35823491","2005","sep","135","unknown",0,0,0,0,1,0
"109","nhd_14618590","43.61533593","-95.61783041","2005","sep","136","unknown",0,0,0,0,1,0
"110","nhd_2454776","43.9081651","-91.05495245","2005","oct","143","winterkill",0,0,0,0,0,1
"113","nhd_7014051","43.67206093","-92.9718386","2005","dec","147","unknown",0,0,0,0,1,0
"115","nhd_6842491","45.83886943","-88.67546577","2006","feb","154","winterkill",0,0,0,0,0,1
"117","nhd_1099316","45.06947947","-93.01733835","2006","apr","157","summerkill",0,0,1,0,0,0
"118","nhd_9026391","45.43506901","-88.94646064","2006","apr","158","winterkill",0,0,0,0,0,1
"119","nhd_2032055","44.23047642","-93.60773045","2006","apr","159","summerkill",0,0,1,0,0,0
"120","nhd_13652594","43.64752218","-90.34383424","2006","apr","160","winterkill",0,0,0,0,0,1
"121","nhd_4250418","45.1742503","-93.74340625","2006","may","162","unknown",0,0,0,0,1,0
"123","nhd_1852599","45.95832817","-91.94317308","2006","may","164","infectious",0,1,0,0,0,0
"124","nhd_13395257","45.55722544","-89.7317286","2006","jun","165","infectious",0,1,0,0,0,0
"125","nhd_2721861","45.35987337","-93.9590564","2006","jun","167","summerkill",0,0,1,0,0,0
"126","nhd_1099458","45.04014257","-93.32144706","2006","jun","168","anthropogenic",1,0,0,0,0,0
"127","nhd_2439768","44.1860565","-92.47522574","2006","jun","169","unknown",0,0,0,0,1,0
"128","nhd_4141938","44.10935686","-94.20297868","2006","jun","171","infectious",0,1,0,0,0,0
"129","nhd_22327103","47.38774647","-94.71777627","2006","jun","172","infectious",0,1,0,0,0,0
"130","nhd_1097324","45.0773045","-92.98046871","2006","jun","173","infectious",0,1,0,0,0,0
"131","nhd_1099052","45.11415825","-93.01556735","2006","jun","174","infectious",0,1,0,0,0,0
"132","nhd_2647582","45.15669697","-92.80446526","2006","jun","175","infectious",0,1,0,0,0,0
"133","nhd_2385462","44.71693182","-93.42622552","2006","jun","176","infectious",0,1,0,0,0,0
"134","nhd_1792875","46.89872693","-92.30978578","2006","jun","177","summerkill",0,0,1,0,0,0
"135","nhd_2647106","45.27360091","-92.94888467","2006","jun","178","infectious",0,1,0,0,0,0
"136","nhd_4252116","45.05270142","-94.05342573","2006","jun","179","infectious",0,1,0,0,0,0
"137","nhd_2034063","43.89157965","-93.34907033","2006","jun","180","infectious",0,1,0,0,0,0
"138","nhd_10595614","44.18627016","-93.61422323","2006","jun","181","infectious",0,1,0,0,0,0
"139","nhd_1873435","44.7405488","-92.84055839","2006","jun","182","unknown",0,0,0,0,1,0
"141","nhd_9026391","45.43506901","-88.94646064","2006","jun","184","infectious",0,1,0,0,0,0
"142","nhd_1101514","44.9889298","-93.55790113","2006","jun","185","summerkill",0,0,1,0,0,0
"143","nhd_13393787","45.86877783","-89.89511093","2006","jun","186","infectious",0,1,0,0,0,0
"144","nhd_2032117","44.21035495","-93.70335415","2006","jun","187","summerkill",0,0,1,0,0,0
"145","nhd_2388558","44.45432375","-93.50141312","2006","jun","188","summerkill",0,0,1,0,0,0
"146","nhd_2388552","44.46206989","-93.49478657","2006","jun","189","summerkill",0,0,1,0,0,0
"147","nhd_120051921","45.00039541","-93.52097767","2006","jul","190","summerkill",0,0,1,0,0,0
"148","nhd_1101490","44.99316937","-93.33847984","2006","jul","191","summerkill",0,0,1,0,0,0
"149","nhd_2352378","44.95577368","-93.79855251","2006","jul","192","infectious",0,1,0,0,0,0
"150","nhd_14710140","43.9816586","-90.52329629","2006","jul","193","infectious",0,1,0,0,0,0
"151","nhd_1757004","47.00511353","-92.01038433","2006","jul","194","summerkill",0,0,1,0,0,0
"152","nhd_2628524","46.3874382","-92.59673797","2006","jul","195","infectious",0,1,0,0,0,0
"154","nhd_2650162","45.38506112","-93.08468193","2006","jul","198","summerkill",0,0,1,0,0,0
"155","nhd_6688281","46.86243201","-96.3739158","2006","jul","201","summerkill",0,0,1,0,0,0
"158","nhd_6816830","45.71840702","-88.41905154","2006","nov","204","infectious",0,1,0,0,0,0
"159","nhd_1102576","44.80568462","-93.01940461","2006","nov","205","winterkill",0,0,0,0,0,1
"160","nhd_9029805","44.80076922","-88.40484345","2006","dec","206","winterkill",0,0,0,0,0,1
"161","nhd_2439768","44.1860565","-92.47522574","2007","jan","207","unknown",0,0,0,0,1,0
"162","nhd_2721991","45.3014598","-93.83666567","2007","jan","208","thermal stress",0,0,0,1,0,0
"163","nhd_2721991","45.3014598","-93.83666567","2007","mar","209","thermal stress",0,0,0,1,0,0
"165","nhd_1102576","44.80568462","-93.01940461","2007","mar","211","unknown",0,0,0,0,1,0
"166","nhd_2439768","44.1860565","-92.47522574","2007","mar","214","unknown",0,0,0,0,1,0
"167","nhd_6819818","45.14429496","-88.21075353","2007","apr","215","anthropogenic",1,0,0,0,0,0
"168","nhd_2032055","44.23047642","-93.60773045","2007","apr","216","unknown",0,0,0,0,1,0
"170","nhd_14730086","44.92151568","-89.63329825","2007","apr","218","summerkill",0,0,1,0,0,0
"171","nhd_120052443","44.01905395","-88.41003568","2007","may","219","infectious",0,1,0,0,0,0
"173","nhd_12174544","44.13084103","-88.0478698","2007","may","224","unknown",0,0,0,0,1,0
"174","nhd_12174540","44.13826755","-88.03803445","2007","may","225","unknown",0,0,0,0,1,0
"175","nhd_13393937","45.87022019","-89.86388559","2007","may","230","summerkill",0,0,1,0,0,0
"176","nhd_120052161","45.50597936","-89.19946626","2007","may","240","infectious",0,1,0,0,0,0
"177","nhd_6863055","44.06997615","-88.63849539","2007","may","241","unknown",0,0,0,0,1,0
"178","nhd_1855171","45.97275598","-92.11712023","2007","may","255","infectious",0,1,0,0,0,0
"179","nhd_9029767","44.80760297","-88.51839678","2007","may","259","unknown",0,0,0,0,1,0
"180","nhd_120053596","43.49392864","-88.88436142","2007","may","265","infectious",0,1,0,0,0,0
"181","nhd_9026645","45.16300485","-88.98502615","2007","may","268","infectious",0,1,0,0,0,0
"182","nhd_12175128","43.93143795","-87.89114455","2007","may","274","infectious",0,1,0,0,0,0
"183","nhd_167120756","45.49762963","-92.1509821","2007","may","275","infectious",0,1,0,0,0,0
"184","nhd_2266639","45.79435278","-92.3986441","2007","may","276","infectious",0,1,0,0,0,0
"185","nhd_2266211","45.90936778","-92.33785407","2007","may","277","infectious",0,1,0,0,0,0
"186","nhd_14726148","45.42469069","-89.46712211","2007","may","278","infectious",0,1,0,0,0,0
"187","nhd_13394761","45.71115221","-89.69931447","2007","may","279","winterkill",0,0,0,0,0,1
"188","nhd_2267225","45.61402673","-92.19740687","2007","may","280","infectious",0,1,0,0,0,0
"189","nhd_2647948","45.04825968","-92.82335736","2007","jun","282","infectious",0,1,0,0,0,0
"190","nhd_1098396","45.30549419","-93.16641193","2007","jun","283","infectious",0,1,0,0,0,0
"191","nhd_1101504","44.98762789","-93.0531108","2007","jun","284","infectious",0,1,0,0,0,0
"192","nhd_1099136","45.10976393","-93.50128226","2007","jun","285","infectious",0,1,0,0,0,0
"193","nhd_13081151","45.33796505","-91.65365728","2007","jun","286","infectious",0,1,0,0,0,0
"194","nhd_1855223","45.96109888","-92.07445799","2007","jun","287","infectious",0,1,0,0,0,0
"196","nhd_6842187","45.94682936","-88.93380447","2007","jun","289","infectious",0,1,0,0,0,0
"197","nhd_6807740","45.47604859","-88.65652747","2007","jun","290","infectious",0,1,0,0,0,0
"198","nhd_12988539","45.89413542","-89.9371561","2007","jun","292","infectious",0,1,0,0,0,0
"199","nhd_13393651","45.91299418","-89.82013082","2007","jun","294","infectious",0,1,0,0,0,0
"200","nhd_13078193","45.76737079","-91.77026949","2007","jun","295","infectious",0,1,0,0,0,0
"201","nhd_13078839","45.6306858","-91.9045794","2007","jun","297","infectious",0,1,0,0,0,0
"202","nhd_13282702","43.07828338","-88.9305651","2007","jun","298","infectious",0,1,0,0,0,0
"203","nhd_13393729","45.8977098","-89.82038184","2007","jun","299","infectious",0,1,0,0,0,0
"204","nhd_6863055","44.06997615","-88.63849539","2007","jun","300","infectious",0,1,0,0,0,0
"205","nhd_9033933","44.1445728","-88.81371805","2007","jun","303","infectious",0,1,0,0,0,0
"206","nhd_1099370","45.05503776","-93.43318157","2007","jun","308","summerkill",0,0,1,0,0,0
"207","nhd_9028163","45.48782586","-89.01417398","2007","jun","309","infectious",0,1,0,0,0,0
"208","nhd_13395097","45.63395835","-89.33030566","2007","jun","310","infectious",0,1,0,0,0,0
"209","nhd_22188808","48.28411202","-94.55923658","2007","jun","311","infectious",0,1,0,0,0,0
"210","nhd_13394649","45.73213123","-89.68273419","2007","jun","312","infectious",0,1,0,0,0,0
"211","nhd_13393637","45.91661806","-89.45370334","2007","jun","313","infectious",0,1,0,0,0,0
"212","nhd_2264087","45.83989908","-91.82496915","2007","jun","314","infectious",0,1,0,0,0,0
"213","nhd_13394777","45.67548706","-89.44789363","2007","jun","315","infectious",0,1,0,0,0,0
"214","nhd_13394895","45.6830021","-89.46425476","2007","jun","316","infectious",0,1,0,0,0,0
"215","nhd_120052443","44.01905395","-88.41003568","2007","jun","317","infectious",0,1,0,0,0,0
"216","nhd_13395173","45.60906997","-89.33271351","2007","jun","318","infectious",0,1,0,0,0,0
"217","nhd_7079132","48.42697264","-96.65304708","2007","jun","319","summerkill",0,0,1,0,0,0
"218","nhd_9026429","45.41179568","-88.89242118","2007","jun","320","infectious",0,1,0,0,0,0
"219","nhd_9026337","45.47914454","-88.97673391","2007","jun","321","infectious",0,1,0,0,0,0
"220","nhd_9022639","45.67664322","-88.98070776","2007","jun","322","infectious",0,1,0,0,0,0
"221","nhd_13395309","45.5624708","-89.63306197","2007","jun","325","infectious",0,1,0,0,0,0
"222","nhd_2646570","45.43285233","-92.41537516","2007","jun","326","infectious",0,1,0,0,0,0
"223","nhd_13395147","45.61409907","-89.43031688","2007","jun","330","infectious",0,1,0,0,0,0
"224","nhd_13393881","45.87041169","-89.71099866","2007","jun","331","summerkill",0,0,1,0,0,0
"225","nhd_14701628","44.81506159","-89.35019157","2007","jun","336","infectious",0,1,0,0,0,0
"226","nhd_13394051","45.86159555","-89.43042857","2007","jun","337","infectious",0,1,0,0,0,0
"227","nhd_13394743","45.72174304","-89.3720309","2007","jun","338","infectious",0,1,0,0,0,0
"228","nhd_1849725","46.15798536","-91.92799775","2007","jun","339","infectious",0,1,0,0,0,0
"229","nhd_1101754","44.92173331","-93.30491681","2007","jun","340","unknown",0,0,0,0,1,0
"230","nhd_1101684","44.94180224","-93.31175871","2007","jun","342","unknown",0,0,0,0,1,0
"231","nhd_1849929","46.12254076","-91.88785003","2007","jun","344","infectious",0,1,0,0,0,0
"232","nhd_6817164","45.55722705","-88.70737525","2007","jun","346","infectious",0,1,0,0,0,0
"233","nhd_13393787","45.86877783","-89.89511093","2007","jun","348","infectious",0,1,0,0,0,0
"234","nhd_1876481","44.72193194","-93.26705892","2007","jun","350","infectious",0,1,0,0,0,0
"235","nhd_7028377","47.23271423","-95.64485816","2007","jun","351","infectious",0,1,0,0,0,0
"236","nhd_2266141","45.92035458","-92.40248657","2007","jun","352","infectious",0,1,0,0,0,0
"237","nhd_1100962","44.95267471","-92.98143073","2007","jul","353","summerkill",0,0,1,0,0,0
"238","nhd_6863055","44.06997615","-88.63849539","2007","jul","354","summerkill",0,0,1,0,0,0
"239","nhd_120052443","44.01905395","-88.41003568","2007","jul","357","summerkill",0,0,1,0,0,0
"240","nhd_2032351","44.08701365","-93.48458733","2007","jul","358","infectious",0,1,0,0,0,0
"241","nhd_2031955","44.26610218","-93.35802174","2007","jul","359","summerkill",0,0,1,0,0,0
"242","nhd_6655309","46.75343087","-95.87145829","2007","jul","361","unknown",0,0,0,0,1,0
"244","nhd_9036217","44.15149633","-89.16399969","2007","jul","363","summerkill",0,0,1,0,0,0
"245","nhd_4415510","45.3324159","-95.09846875","2007","jul","364","unknown",0,0,0,0,1,0
"246","nhd_4413720","45.51619656","-95.64727163","2007","jul","365","summerkill",0,0,1,0,0,0
"247","nhd_2360642","46.24250511","-93.64625119","2007","jul","367","unknown",0,0,0,0,1,0
"248","nhd_22188808","48.28411202","-94.55923658","2007","aug","368","unknown",0,0,0,0,1,0
"250","nhd_13349304","45.97189896","-90.50822531","2007","aug","370","summerkill",0,0,1,0,0,0
"251","nhd_4120250","45.2285037","-95.00953182","2007","aug","371","unknown",0,0,0,0,1,0
"252","nhd_1101684","44.94180224","-93.31175871","2007","aug","372","unknown",0,0,0,0,1,0
"253","nhd_4251590","45.25987504","-94.96727067","2007","aug","374","infectious",0,1,0,0,0,0
"254","nhd_120051923","44.99453846","-94.93785696","2007","aug","375","infectious",0,1,0,0,0,0
"255","nhd_6579576","44.24601822","-95.86603472","2007","aug","378","unknown",0,0,0,0,1,0
"256","nhd_4415632","45.25241026","-95.05698824","2007","sep","382","infectious",0,1,0,0,0,0
"257","nhd_2365854","45.35669677","-93.33547934","2007","sep","383","unknown",0,0,0,0,1,0
"258","nhd_120052139","46.69774607","-96.03520627","2007","sep","384","unknown",0,0,0,0,1,0
"259","nhd_9398414","47.57882791","-96.23541094","2007","sep","385","unknown",0,0,0,0,1,0
"260","nhd_4966837","45.81671604","-95.34171235","2007","sep","386","unknown",0,0,0,0,1,0
"262","nhd_13409634","42.76413532","-89.97399692","2007","sep","388","infectious",0,1,0,0,0,0
"264","nhd_1101778","44.92074183","-93.23600815","2007","nov","390","infectious",0,1,0,0,0,0
"266","nhd_14767688","42.87653543","-88.11299452","2007","dec","392","winterkill",0,0,0,0,0,1
"267","nhd_1101778","44.92074183","-93.23600815","2008","jan","393","anthropogenic",1,0,0,0,0,0
"268","nhd_13079011","45.57901808","-91.45512172","2008","jan","394","winterkill",0,0,0,0,0,1
"269","nhd_13394591","45.74690323","-89.58594975","2008","feb","395","winterkill",0,0,0,0,0,1
"271","nhd_12991677","45.66952549","-90.45648922","2008","mar","397","winterkill",0,0,0,0,0,1
"272","nhd_13652612","43.59037063","-90.14512286","2008","mar","400","winterkill",0,0,0,0,0,1
"274","nhd_13631635","43.29014162","-89.66420811","2008","apr","408","winterkill",0,0,0,0,0,1
"275","nhd_12162314","43.05501134","-87.96800293","2008","apr","416","winterkill",0,0,0,0,0,1
"276","nhd_1101778","44.92074183","-93.23600815","2008","apr","423","anthropogenic",1,0,0,0,0,0
"277","nhd_13394367","45.78473092","-89.58689644","2008","apr","424","winterkill",0,0,0,0,0,1
"278","nhd_6847713","45.40257514","-87.96142947","2008","apr","425","winterkill",0,0,0,0,0,1
"279","nhd_13631701","43.18961589","-89.63006558","2008","apr","427","winterkill",0,0,0,0,0,1
"280","nhd_120052351","43.04585865","-89.34189835","2008","apr","428","winterkill",0,0,0,0,0,1
"281","nhd_13631537","43.37128488","-89.60326661","2008","apr","431","winterkill",0,0,0,0,0,1
"282","nhd_2646936","45.33604687","-92.59578522","2008","apr","433","winterkill",0,0,0,0,0,1
"283","nhd_14701628","44.81506159","-89.35019157","2008","apr","435","winterkill",0,0,0,0,0,1
"284","nhd_13394529","45.75947289","-89.12018226","2008","apr","436","winterkill",0,0,0,0,0,1
"285","nhd_13395207","45.59962231","-89.57041893","2008","apr","437","winterkill",0,0,0,0,0,1
"286","nhd_12988539","45.89413542","-89.9371561","2008","apr","438","winterkill",0,0,0,0,0,1
"287","nhd_13290790","43.15035534","-88.38192254","2008","apr","439","winterkill",0,0,0,0,0,1
"288","nhd_9036011","44.31761682","-89.32412677","2008","may","440","winterkill",0,0,0,0,0,1
"289","nhd_9035993","44.32441471","-89.35094349","2008","may","441","winterkill",0,0,0,0,0,1
"291","nhd_13078839","45.6306858","-91.9045794","2008","may","444","winterkill",0,0,0,0,0,1
"292","nhd_13078255","45.75407895","-91.56210432","2008","may","445","summerkill",0,0,1,0,0,0
"293","nhd_14618590","43.61533593","-95.61783041","2008","may","446","infectious",0,1,0,0,0,0
"294","nhd_6808490","45.19421317","-88.1858221","2008","may","447","winterkill",0,0,0,0,0,1
"295","nhd_2264087","45.83989908","-91.82496915","2008","may","448","infectious",0,1,0,0,0,0
"296","nhd_2264157","45.82058808","-91.89434304","2008","may","449","infectious",0,1,0,0,0,0
"297","nhd_22327043","47.40851899","-94.74527738","2008","may","450","infectious",0,1,0,0,0,0
"298","nhd_6819818","45.14429496","-88.21075353","2008","may","452","infectious",0,1,0,0,0,0
"299","nhd_13290696","43.27793048","-88.40778074","2008","may","453","infectious",0,1,0,0,0,0
"300","nhd_2360642","46.24250511","-93.64625119","2008","may","454","unknown",0,0,0,0,1,0
"301","nhd_1099052","45.11415825","-93.01556735","2008","jun","455","infectious",0,1,0,0,0,0
"302","nhd_13294738","42.79946894","-88.97957889","2008","jun","456","infectious",0,1,0,0,0,0
"303","nhd_13081151","45.33796505","-91.65365728","2008","jun","457","infectious",0,1,0,0,0,0
"304","nhd_2266639","45.79435278","-92.3986441","2008","jun","458","infectious",0,1,0,0,0,0
"305","nhd_12174540","44.13826755","-88.03803445","2008","jun","459","infectious",0,1,0,0,0,0
"307","nhd_13631637","43.28734786","-89.65242078","2008","jun","463","infectious",0,1,0,0,0,0
"308","nhd_2385496","44.70063382","-93.47393938","2008","jun","464","infectious",0,1,0,0,0,0
"309","nhd_6818344","45.25674202","-87.90770745","2008","jun","465","infectious",0,1,0,0,0,0
"310","nhd_6808620","45.12866135","-88.44911416","2008","jun","466","infectious",0,1,0,0,0,0
"311","nhd_1855411","45.91840533","-92.03857997","2008","jun","467","infectious",0,1,0,0,0,0
"312","nhd_2646570","45.43285233","-92.41537516","2008","jun","468","infectious",0,1,0,0,0,0
"313","nhd_2644214","45.52444075","-92.30138523","2008","jun","469","infectious",0,1,0,0,0,0
"314","nhd_2646540","45.43948782","-92.49735102","2008","jun","470","infectious",0,1,0,0,0,0
"315","nhd_2646970","45.32270887","-92.20508657","2008","jun","471","infectious",0,1,0,0,0,0
"316","nhd_13394003","45.85846397","-89.66527155","2008","jun","472","infectious",0,1,0,0,0,0
"317","nhd_13394311","45.80001716","-89.47956193","2008","jun","473","infectious",0,1,0,0,0,0
"318","nhd_13395257","45.55722544","-89.7317286","2008","jun","474","infectious",0,1,0,0,0,0
"319","nhd_4046678","44.30698677","-94.73378058","2008","jun","477","infectious",0,1,0,0,0,0
"320","nhd_13296492","42.78206178","-89.18080718","2008","jun","478","infectious",0,1,0,0,0,0
"321","nhd_1793523","46.89112409","-92.1854889","2008","jun","479","infectious",0,1,0,0,0,0
"322","nhd_120052139","46.69774607","-96.03520627","2008","jun","480","infectious",0,1,0,0,0,0
"323","nhd_13394367","45.78473092","-89.58689644","2008","jun","481","infectious",0,1,0,0,0,0
"324","nhd_13205684","43.53868618","-90.95883191","2008","jun","482","infectious",0,1,0,0,0,0
"325","nhd_12174626","44.02561286","-88.16702977","2008","jun","483","summerkill",0,0,1,0,0,0
"327","nhd_7014051","43.67206093","-92.9718386","2008","jul","487","unknown",0,0,0,0,1,0
"328","nhd_13409672","42.58213256","-89.77099946","2008","jul","488","summerkill",0,0,1,0,0,0
"329","nhd_4959612","46.41771569","-95.53016304","2008","jul","489","unknown",0,0,0,0,1,0
"330","nhd_4943477","46.94490468","-95.26861379","2008","jul","490","unknown",0,0,0,0,1,0
"331","nhd_13394953","45.66244063","-89.30955508","2008","jul","491","infectious",0,1,0,0,0,0
"332","nhd_2354176","44.9640646","-94.87525415","2008","aug","492","infectious",0,1,0,0,0,0
"333","nhd_1793523","46.89112409","-92.1854889","2008","aug","493","summerkill",0,0,1,0,0,0
"334","nhd_1101942","44.8790054","-93.60890427","2008","aug","494","infectious",0,1,0,0,0,0
"335","nhd_12161256","43.59559813","-88.12298133","2008","sep","495","summerkill",0,0,1,0,0,0
"337","nhd_2748292","43.66443998","-94.22230141","2008","sep","497","anthropogenic",1,0,0,0,0,0
"338","nhd_7142960","47.84936839","-92.07816701","2008","oct","498","infectious",0,1,0,0,0,0
"339","nhd_14767688","42.87653543","-88.11299452","2009","jan","499","winterkill",0,0,0,0,0,1
"340","nhd_13394453","45.77110854","-89.52671198","2009","feb","500","winterkill",0,0,0,0,0,1
"341","nhd_2647948","45.04825968","-92.82335736","2009","feb","501","winterkill",0,0,0,0,0,1
"342","nhd_6810930","44.87639881","-88.32031041","2009","feb","502","winterkill",0,0,0,0,0,1
"343","nhd_14730156","44.74802475","-89.85301031","2009","mar","503","winterkill",0,0,0,0,0,1
"345","nhd_12174532","44.1526759","-88.04917294","2009","mar","506","winterkill",0,0,0,0,0,1
"346","nhd_1776164","46.66215867","-92.20908972","2009","mar","507","anthropogenic",1,0,0,0,0,0
"347","nhd_2646378","45.48296133","-92.10145777","2009","mar","508","winterkill",0,0,0,0,0,1
"348","nhd_13079127","45.54452496","-91.77834673","2009","mar","509","winterkill",0,0,0,0,0,1
"349","nhd_13085025","44.89251866","-91.91322277","2009","apr","510","winterkill",0,0,0,0,0,1
"351","nhd_13293262","43.10532527","-89.41989845","2009","apr","513","anthropogenic",1,0,0,0,0,0
"352","nhd_2115980","44.26260816","-91.86570822","2009","apr","514","summerkill",0,0,1,0,0,0
"353","nhd_13394003","45.85846397","-89.66527155","2009","apr","516","winterkill",0,0,0,0,0,1
"354","nhd_120052351","43.04585865","-89.34189835","2009","apr","517","infectious",0,1,0,0,0,0
"355","nhd_7221462","43.89682145","-96.36249649","2009","may","518","anthropogenic",1,0,0,0,0,0
"356","nhd_13206474","43.60279112","-91.42157694","2009","may","519","anthropogenic",1,0,0,0,0,0
"358","nhd_14767156","43.07286156","-88.3067944","2009","may","521","winterkill",0,0,0,0,0,1
"359","nhd_13105805","44.88055571","-91.4432932","2009","may","522","infectious",0,1,0,0,0,0
"360","nhd_13081151","45.33796505","-91.65365728","2009","may","523","infectious",0,1,0,0,0,0
"361","nhd_2646970","45.32270887","-92.20508657","2009","jun","524","infectious",0,1,0,0,0,0
"362","nhd_2266639","45.79435278","-92.3986441","2009","jun","525","infectious",0,1,0,0,0,0
"363","nhd_2264087","45.83989908","-91.82496915","2009","jun","526","infectious",0,1,0,0,0,0
"364","nhd_2646514","45.44806736","-92.31139164","2009","jun","527","infectious",0,1,0,0,0,0
"365","nhd_9029767","44.80760297","-88.51839678","2009","jun","528","infectious",0,1,0,0,0,0
"366","nhd_13078713","45.66907115","-91.54390679","2009","jun","529","infectious",0,1,0,0,0,0
"367","nhd_2034063","43.89157965","-93.34907033","2009","jun","530","unknown",0,0,0,0,1,0
"368","nhd_13081151","45.33796505","-91.65365728","2009","jun","531","infectious",0,1,0,0,0,0
"369","nhd_2644088","45.57099654","-92.45942456","2009","jun","532","infectious",0,1,0,0,0,0
"370","nhd_2646972","45.32079253","-92.57139783","2009","jun","533","infectious",0,1,0,0,0,0
"371","nhd_13105149","45.29122651","-92.53831423","2009","jun","534","infectious",0,1,0,0,0,0
"372","nhd_9036213","44.16234314","-89.16186927","2009","jun","535","infectious",0,1,0,0,0,0
"373","nhd_6808620","45.12866135","-88.44911416","2009","jun","536","infectious",0,1,0,0,0,0
"374","nhd_13630663","43.54517315","-89.10391814","2009","jun","537","infectious",0,1,0,0,0,0
"375","nhd_120052161","45.50597936","-89.19946626","2009","jun","538","infectious",0,1,0,0,0,0
"376","nhd_9026391","45.43506901","-88.94646064","2009","jun","539","infectious",0,1,0,0,0,0
"378","nhd_12991607","45.70304573","-90.56226902","2009","jun","541","summerkill",0,0,1,0,0,0
"379","nhd_12991467","45.7546585","-90.37215172","2009","jun","542","summerkill",0,0,1,0,0,0
"380","nhd_13124042","45.30483506","-91.40836743","2009","jun","544","infectious",0,1,0,0,0,0
"381","nhd_2646504","45.44302043","-92.15888336","2009","jun","546","infectious",0,1,0,0,0,0
"382","nhd_1099052","45.11415825","-93.01556735","2009","jun","547","unknown",0,0,0,0,1,0
"383","nhd_2646936","45.33604687","-92.59578522","2009","jun","548","infectious",0,1,0,0,0,0
"384","nhd_13349304","45.97189896","-90.50822531","2009","jun","549","summerkill",0,0,1,0,0,0
"385","nhd_13395309","45.5624708","-89.63306197","2009","jun","551","infectious",0,1,0,0,0,0
"386","nhd_2646860","45.32847038","-92.42576012","2009","jun","552","infectious",0,1,0,0,0,0
"387","nhd_9026429","45.41179568","-88.89242118","2009","jun","554","infectious",0,1,0,0,0,0
"388","nhd_12991537","45.73609813","-90.33404398","2009","jun","555","summerkill",0,0,1,0,0,0
"389","nhd_13400551","45.38291832","-90.14682651","2009","jun","556","summerkill",0,0,1,0,0,0
"390","nhd_13349608","45.81610737","-90.70087265","2009","jun","557","summerkill",0,0,1,0,0,0
"391","nhd_12172978","44.28476843","-87.73354856","2009","jun","558","winterkill",0,0,0,0,0,1
"392","nhd_13293262","43.10532527","-89.41989845","2009","jun","559","summerkill",0,0,1,0,0,0
"393","nhd_120052351","43.04585865","-89.34189835","2009","jul","560","summerkill",0,0,1,0,0,0
"394","nhd_2031815","44.32745216","-93.34526836","2009","jul","561","summerkill",0,0,1,0,0,0
"396","nhd_4943567","46.9423358","-95.02455952","2009","aug","563","infectious",0,1,0,0,0,0
"398","nhd_2385742","44.58995048","-93.52360276","2009","sep","567","summerkill",0,0,1,0,0,0
"399","nhd_9036109","44.23264733","-89.16252008","2009","sep","568","infectious",0,1,0,0,0,0
"400","nhd_13079171","45.52201881","-91.95067193","2010","feb","569","winterkill",0,0,0,0,0,1
"401","nhd_12174544","44.13084103","-88.0478698","2010","mar","570","winterkill",0,0,0,0,0,1
"403","nhd_13081043","45.47197373","-91.7208306","2010","apr","572","winterkill",0,0,0,0,0,1
"404","nhd_2646940","45.33437286","-92.17685644","2010","apr","573","winterkill",0,0,0,0,0,1
"405","nhd_120052351","43.04585865","-89.34189835","2010","apr","574","winterkill",0,0,0,0,0,1
"406","nhd_12991677","45.66952549","-90.45648922","2010","apr","575","winterkill",0,0,0,0,0,1
"407","nhd_1873493","44.65432575","-92.71523537","2010","apr","576","summerkill",0,0,1,0,0,0
"409","nhd_1793523","46.89112409","-92.1854889","2010","may","578","unknown",0,0,0,0,1,0
"410","nhd_120052443","44.01905395","-88.41003568","2010","may","579","winterkill",0,0,0,0,0,1
"411","nhd_14729154","45.31435468","-90.19803571","2010","may","581","infectious",0,1,0,0,0,0
"413","nhd_2385496","44.70063382","-93.47393938","2010","may","583","infectious",0,1,0,0,0,0
"414","nhd_9029767","44.80760297","-88.51839678","2010","may","585","infectious",0,1,0,0,0,0
"415","nhd_6818344","45.25674202","-87.90770745","2010","may","586","infectious",0,1,0,0,0,0
"416","nhd_1101928","44.88586432","-93.63297685","2010","may","587","infectious",0,1,0,0,0,0
"418","nhd_13345594","46.11725557","-90.11536403","2010","jun","589","infectious",0,1,0,0,0,0
"419","nhd_13399119","45.45471597","-89.23899621","2010","jun","590","summerkill",0,0,1,0,0,0
"420","nhd_9028145","45.45243959","-89.08881031","2010","jun","591","infectious",0,1,0,0,0,0
"421","nhd_13394145","45.84203372","-89.36745882","2010","jun","593","infectious",0,1,0,0,0,0
"422","nhd_13395123","45.61875026","-89.6306161","2010","jun","594","infectious",0,1,0,0,0,0
"423","nhd_120052161","45.50597936","-89.19946626","2010","jun","595","summerkill",0,0,1,0,0,0
"424","nhd_13394361","45.78787842","-89.21684366","2010","jun","596","infectious",0,1,0,0,0,0
"425","nhd_2267065","45.65974257","-92.34326496","2010","jun","597","infectious",0,1,0,0,0,0
"426","nhd_12990929","45.95746031","-90.33753696","2010","jun","598","infectious",0,1,0,0,0,0
"427","nhd_13349304","45.97189896","-90.50822531","2010","jun","600","infectious",0,1,0,0,0,0
"428","nhd_13124036","45.32456704","-91.43054017","2010","jun","601","infectious",0,1,0,0,0,0
"429","nhd_13400551","45.38291832","-90.14682651","2010","jun","602","infectious",0,1,0,0,0,0
"430","nhd_13395361","45.51934524","-89.87116287","2010","jun","603","infectious",0,1,0,0,0,0
"431","nhd_13349600","45.82020626","-90.62728664","2010","jun","604","infectious",0,1,0,0,0,0
"432","nhd_13395039","45.63911434","-89.26791567","2010","jun","606","infectious",0,1,0,0,0,0
"433","nhd_13081151","45.33796505","-91.65365728","2010","jun","607","infectious",0,1,0,0,0,0
"434","nhd_2646860","45.32847038","-92.42576012","2010","jun","608","infectious",0,1,0,0,0,0
"435","nhd_14729152","45.32017534","-90.22446217","2010","jun","610","infectious",0,1,0,0,0,0
"436","nhd_22327103","47.38774647","-94.71777627","2010","jun","611","infectious",0,1,0,0,0,0
"437","nhd_12991607","45.70304573","-90.56226902","2010","jun","612","infectious",0,1,0,0,0,0
"438","nhd_2647286","45.23370672","-92.32651597","2010","jun","614","infectious",0,1,0,0,0,0
"439","nhd_4251772","45.17488069","-94.72536676","2010","jun","615","infectious",0,1,0,0,0,0
"440","nhd_9371290","45.13397875","-96.02579005","2010","jun","616","unknown",0,0,0,0,1,0
"441","nhd_4123858","44.40466547","-96.35823491","2010","jul","618","infectious",0,1,0,0,0,0
"443","nhd_9033933","44.1445728","-88.81371805","2010","jul","620","summerkill",0,0,1,0,0,0
"444","nhd_2439768","44.1860565","-92.47522574","2010","jul","622","infectious",0,1,0,0,0,0
"446","nhd_120052162","44.99826669","-88.13949688","2010","aug","624","summerkill",0,0,1,0,0,0
"447","nhd_2031815","44.32745216","-93.34526836","2010","aug","626","summerkill",0,0,1,0,0,0
"448","nhd_13078143","45.7102686","-91.68991453","2010","aug","627","summerkill",0,0,1,0,0,0
"449","nhd_9035767","44.45757604","-89.04403773","2010","aug","628","summerkill",0,0,1,0,0,0
"450","nhd_120052443","44.01905395","-88.41003568","2010","aug","629","summerkill",0,0,1,0,0,0
"451","nhd_2647948","45.04825968","-92.82335736","2011","jan","631","winterkill",0,0,0,0,0,1
"452","nhd_6658545","46.43640187","-95.93496186","2011","feb","632","unknown",0,0,0,0,1,0
"453","nhd_120052443","44.01905395","-88.41003568","2011","feb","633","winterkill",0,0,0,0,0,1
"454","nhd_2647948","45.04825968","-92.82335736","2011","feb","634","winterkill",0,0,0,0,0,1
"455","nhd_1776164","46.66215867","-92.20908972","2011","mar","635","thermal stress",0,0,0,1,0,0
"457","nhd_7101819","48.21543213","-92.05515452","2011","mar","637","unknown",0,0,0,0,1,0
"458","nhd_2647948","45.04825968","-92.82335736","2011","mar","638","winterkill",0,0,0,0,0,1
"459","nhd_2644186","45.54018689","-92.36329179","2011","mar","639","winterkill",0,0,0,0,0,1
"460","nhd_2644196","45.53782719","-92.42413486","2011","mar","640","winterkill",0,0,0,0,0,1
"461","nhd_2031809","44.33217953","-93.44586954","2011","apr","641","summerkill",0,0,1,0,0,0
"462","nhd_12991607","45.70304573","-90.56226902","2011","apr","642","winterkill",0,0,0,0,0,1
"463","nhd_120053596","43.49392864","-88.88436142","2011","apr","643","infectious",0,1,0,0,0,0
"464","nhd_1099384","45.0528229","-93.33602502","2011","apr","645","summerkill",0,0,1,0,0,0
"465","nhd_1101636","44.95530916","-93.30680625","2011","apr","646","summerkill",0,0,1,0,0,0
"466","nhd_1101712","44.94166446","-93.25691512","2011","apr","647","summerkill",0,0,1,0,0,0
"467","nhd_1101754","44.92173331","-93.30491681","2011","apr","649","summerkill",0,0,1,0,0,0
"469","nhd_9028145","45.45243959","-89.08881031","2011","apr","651","winterkill",0,0,0,0,0,1
"470","nhd_14730272","44.68045241","-89.7381612","2011","apr","653","winterkill",0,0,0,0,0,1
"471","nhd_14731992","44.78820399","-89.7080383","2011","apr","654","winterkill",0,0,0,0,0,1
"472","nhd_14731996","44.69944746","-89.69089156","2011","apr","655","winterkill",0,0,0,0,0,1
"473","nhd_1852579","45.96374701","-91.57344393","2011","may","657","winterkill",0,0,0,0,0,1
"474","nhd_2262723","46.01953468","-92.18921617","2011","may","658","winterkill",0,0,0,0,0,1
"475","nhd_167120891","44.55319037","-89.62641285","2011","may","659","winterkill",0,0,0,0,0,1
"476","nhd_13206472","43.61508267","-91.010504","2011","may","660","anthropogenic",1,0,0,0,0,0
"478","nhd_13400551","45.38291832","-90.14682651","2011","jun","662","summerkill",0,0,1,0,0,0
"479","nhd_2266031","45.9516629","-92.4248378","2011","jun","663","summerkill",0,0,1,0,0,0
"480","nhd_2262413","46.14787393","-92.01933263","2011","jun","664","infectious",0,1,0,0,0,0
"481","nhd_1855411","45.91840533","-92.03857997","2011","jun","665","infectious",0,1,0,0,0,0
"482","nhd_1097324","45.0773045","-92.98046871","2011","jun","666","infectious",0,1,0,0,0,0
"483","nhd_12174540","44.13826755","-88.03803445","2011","jun","667","infectious",0,1,0,0,0,0
"484","nhd_1099052","45.11415825","-93.01556735","2011","jun","668","unknown",0,0,0,0,1,0
"485","nhd_14708596","43.6000571","-89.77873047","2011","jun","669","summerkill",0,0,1,0,0,0
"486","nhd_7014051","43.67206093","-92.9718386","2011","jun","670","infectious",0,1,0,0,0,0
"487","nhd_6808620","45.12866135","-88.44911416","2011","jun","671","infectious",0,1,0,0,0,0
"488","nhd_6866301","43.98514307","-89.5519856","2011","jun","672","infectious",0,1,0,0,0,0
"489","nhd_2266211","45.90936778","-92.33785407","2011","jun","674","infectious",0,1,0,0,0,0
"490","nhd_2643660","45.74703087","-92.53719464","2011","jun","675","infectious",0,1,0,0,0,0
"491","nhd_13395309","45.5624708","-89.63306197","2011","jun","676","infectious",0,1,0,0,0,0
"492","nhd_13393881","45.87041169","-89.71099866","2011","jun","677","infectious",0,1,0,0,0,0
"493","nhd_13394785","45.71378526","-89.19425388","2011","jun","678","infectious",0,1,0,0,0,0
"494","nhd_2646368","45.4654081","-92.42741532","2011","jun","679","infectious",0,1,0,0,0,0
"495","nhd_2262477","46.12560572","-92.04277181","2011","jun","680","infectious",0,1,0,0,0,0
"496","nhd_2264087","45.83989908","-91.82496915","2011","jun","681","infectious",0,1,0,0,0,0
"497","nhd_12173086","44.0254722","-87.76429945","2011","jun","682","infectious",0,1,0,0,0,0
"498","nhd_12173070","44.04511058","-87.73763856","2011","jun","683","infectious",0,1,0,0,0,0
"499","nhd_6819818","45.14429496","-88.21075353","2011","jun","684","infectious",0,1,0,0,0,0
"500","nhd_2646860","45.32847038","-92.42576012","2011","jun","685","infectious",0,1,0,0,0,0
"501","nhd_13079193","45.51273427","-91.961169","2011","jun","688","infectious",0,1,0,0,0,0
"502","nhd_1855289","45.94332855","-92.04093282","2011","jun","689","infectious",0,1,0,0,0,0
"503","nhd_120052351","43.04585865","-89.34189835","2011","jun","690","summerkill",0,0,1,0,0,0
"504","nhd_120052161","45.50597936","-89.19946626","2011","jun","692","infectious",0,1,0,0,0,0
"505","nhd_2644120","45.5348965","-92.38936713","2011","jun","693","infectious",0,1,0,0,0,0
"506","nhd_13394023","45.85577371","-89.55949676","2011","jun","694","infectious",0,1,0,0,0,0
"507","nhd_13124042","45.30483506","-91.40836743","2011","jun","695","summerkill",0,0,1,0,0,0
"508","nhd_120053089","47.61152242","-94.00161088","2011","jun","696","infectious",0,1,0,0,0,0
"509","nhd_4252106","45.05167553","-94.25506819","2011","jun","697","unknown",0,0,0,0,1,0
"510","nhd_13134705","44.42364697","-90.70818505","2011","jul","698","infectious",0,1,0,0,0,0
"511","nhd_14767688","42.87653543","-88.11299452","2011","jul","700","summerkill",0,0,1,0,0,0
"512","nhd_2385514","44.70089804","-93.43816668","2011","jul","701","summerkill",0,0,1,0,0,0
"513","nhd_1801977","46.45673509","-91.9835285","2011","aug","702","summerkill",0,0,1,0,0,0
"515","nhd_2031719","44.37249909","-93.39613893","2011","aug","704","unknown",0,0,0,0,1,0
"516","nhd_4251886","45.13142208","-94.29239588","2011","aug","706","summerkill",0,0,1,0,0,0
"517","nhd_4620258","46.68945944","-94.19482028","2011","sep","707","summerkill",0,0,1,0,0,0
"520","nhd_10596486","43.8704247","-93.99948235","2011","oct","712","winterkill",0,0,0,0,0,1
"521","nhd_6655119","46.78910075","-95.8316555","2011","nov","714","winterkill",0,0,0,0,0,1
"522","nhd_6820636","45.30790191","-88.19645586","2011","dec","715","winterkill",0,0,0,0,0,1
"526","nhd_120052443","44.01905395","-88.41003568","2012","mar","723","winterkill",0,0,0,0,0,1
"527","nhd_120052351","43.04585865","-89.34189835","2012","mar","724","winterkill",0,0,0,0,0,1
"528","nhd_120052183","48.49032862","-95.89026458","2012","apr","725","winterkill",0,0,0,0,0,1
"529","nhd_13102555","45.21201678","-90.70219078","2012","apr","726","winterkill",0,0,0,0,0,1
"530","nhd_13102701","45.17770833","-90.69846345","2012","apr","727","winterkill",0,0,0,0,0,1
"531","nhd_120052443","44.01905395","-88.41003568","2012","apr","728","infectious",0,1,0,0,0,0
"532","nhd_14708596","43.6000571","-89.77873047","2012","may","729","infectious",0,1,0,0,0,0
"533","nhd_1101928","44.88586432","-93.63297685","2012","may","730","infectious",0,1,0,0,0,0
"535","nhd_13409634","42.76413532","-89.97399692","2012","may","732","infectious",0,1,0,0,0,0
"536","nhd_6808620","45.12866135","-88.44911416","2012","may","733","infectious",0,1,0,0,0,0
"537","nhd_2646970","45.32270887","-92.20508657","2012","may","734","infectious",0,1,0,0,0,0
"538","nhd_2384584","44.87822041","-93.42907089","2012","jun","735","infectious",0,1,0,0,0,0
"539","nhd_13394003","45.85846397","-89.66527155","2012","jun","736","infectious",0,1,0,0,0,0
"540","nhd_9029767","44.80760297","-88.51839678","2012","jun","737","infectious",0,1,0,0,0,0
"541","nhd_13393881","45.87041169","-89.71099866","2012","jun","738","infectious",0,1,0,0,0,0
"543","nhd_2721963","45.31147266","-93.95359989","2012","jun","742","unknown",0,0,0,0,1,0
"544","nhd_167120397","46.76564726","-93.28743465","2012","jul","747","summerkill",0,0,1,0,0,0
"546","nhd_2385032","44.79243052","-93.20306245","2012","jul","749","anthropogenic",1,0,0,0,0,0
"547","nhd_6866527","43.75653343","-89.17108344","2012","jul","753","summerkill",0,0,1,0,0,0
"548","nhd_14767826","42.81314679","-88.51700285","2012","jul","755","summerkill",0,0,1,0,0,0
"549","nhd_120052352","42.87276646","-88.96112403","2012","jul","759","summerkill",0,0,1,0,0,0
"550","nhd_14730156","44.74802475","-89.85301031","2012","jul","760","summerkill",0,0,1,0,0,0
"551","nhd_12161140","43.65325655","-88.2103717","2012","jul","763","summerkill",0,0,1,0,0,0
"552","nhd_13631537","43.37128488","-89.60326661","2012","jul","764","summerkill",0,0,1,0,0,0
"553","nhd_13281252","43.58460888","-88.92336235","2012","jul","765","summerkill",0,0,1,0,0,0
"554","nhd_6866497","43.76041755","-89.41753952","2012","jul","767","summerkill",0,0,1,0,0,0
"555","nhd_6866405","43.88408922","-89.40042243","2012","jul","768","summerkill",0,0,1,0,0,0
"556","nhd_14767924","42.70332979","-88.12527081","2012","jul","769","summerkill",0,0,1,0,0,0
"557","nhd_14768000","42.59957849","-88.49192806","2012","jul","770","summerkill",0,0,1,0,0,0
"558","nhd_13294682","42.82710369","-88.73167956","2012","jul","771","summerkill",0,0,1,0,0,0
"559","nhd_13294688","42.82563691","-88.71722014","2012","jul","772","summerkill",0,0,1,0,0,0
"560","nhd_12162786","43.47236903","-88.19151464","2012","jul","773","summerkill",0,0,1,0,0,0
"561","nhd_14767688","42.87653543","-88.11299452","2012","jul","774","summerkill",0,0,1,0,0,0
"562","nhd_9033749","44.36600285","-88.93287947","2012","jul","775","summerkill",0,0,1,0,0,0
"563","nhd_167120948","42.99842891","-89.29047026","2012","jul","776","summerkill",0,0,1,0,0,0
"564","nhd_6866565","43.72062062","-89.22805442","2012","jul","777","summerkill",0,0,1,0,0,0
"565","nhd_13291034","43.02498435","-88.98402398","2012","jul","778","summerkill",0,0,1,0,0,0
"566","nhd_13284124","43.39784796","-89.04176113","2012","jul","781","summerkill",0,0,1,0,0,0
"567","nhd_13294716","42.81423087","-88.64706791","2012","jul","783","summerkill",0,0,1,0,0,0
"568","nhd_14767894","42.74328155","-88.56702247","2012","jul","785","summerkill",0,0,1,0,0,0
"569","nhd_2643664","45.74124035","-92.58210679","2012","jul","786","summerkill",0,0,1,0,0,0
"570","nhd_9033815","44.3302937","-88.63241957","2012","jul","787","summerkill",0,0,1,0,0,0
"571","nhd_2266141","45.92035458","-92.40248657","2012","jul","788","summerkill",0,0,1,0,0,0
"572","nhd_120052351","43.04585865","-89.34189835","2012","jul","791","summerkill",0,0,1,0,0,0
"573","nhd_14708596","43.6000571","-89.77873047","2012","jul","792","summerkill",0,0,1,0,0,0
"574","nhd_4122194","44.68609259","-95.53105159","2012","aug","794","summerkill",0,0,1,0,0,0
"575","nhd_2721963","45.31147266","-93.95359989","2012","aug","795","unknown",0,0,0,0,1,0
"576","nhd_22324969","47.19181699","-93.59368887","2012","aug","796","unknown",0,0,0,0,1,0
"578","nhd_2643642","45.7564853","-92.47195657","2012","aug","799","summerkill",0,0,1,0,0,0
"579","nhd_13290832","43.12632098","-88.42597857","2012","aug","800","summerkill",0,0,1,0,0,0
"580","nhd_6640180","45.70447704","-96.73102303","2012","aug","801","infectious",0,1,0,0,0,0
"581","nhd_6864901","43.73675511","-88.98445098","2012","sep","802","summerkill",0,0,1,0,0,0
"583","nhd_2439808","44.03284961","-92.45710574","2012","sep","805","summerkill",0,0,1,0,0,0
"584","nhd_2439768","44.1860565","-92.47522574","2012","oct","806","unknown",0,0,0,0,1,0
"585","nhd_2647948","45.04825968","-92.82335736","2012","nov","807","winterkill",0,0,0,0,0,1
"586","nhd_22322087","47.56108605","-94.5266896","2012","nov","808","infectious",0,1,0,0,0,0
"587","nhd_2720651","45.70397041","-94.09682849","2012","nov","809","anthropogenic",1,0,0,0,0,0
"588","nhd_1101572","44.97299259","-93.00508544","2012","nov","810","winterkill",0,0,0,0,0,1
"590","nhd_2647106","45.27360091","-92.94888467","2012","dec","812","unknown",0,0,0,0,1,0
"591","nhd_6819970","45.0484752","-88.11590291","2012","dec","813","winterkill",0,0,0,0,0,1
"592","nhd_14730156","44.74802475","-89.85301031","2013","feb","814","winterkill",0,0,0,0,0,1
"593","nhd_2647948","45.04825968","-92.82335736","2013","feb","816","winterkill",0,0,0,0,0,1
"594","nhd_2721881","45.34186064","-93.75535143","2013","mar","817","anthropogenic",1,0,0,0,0,0
"595","nhd_14730156","44.74802475","-89.85301031","2013","mar","818","winterkill",0,0,0,0,0,1
"596","nhd_2385624","44.66321038","-93.63147664","2013","mar","820","anthropogenic",1,0,0,0,0,0
"597","nhd_13108719","44.49090755","-92.04403256","2013","mar","821","anthropogenic",1,0,0,0,0,0
"598","nhd_14729114","45.40607552","-90.16354862","2013","mar","822","winterkill",0,0,0,0,0,1
"600","nhd_13631537","43.37128488","-89.60326661","2013","apr","825","winterkill",0,0,0,0,0,1
"601","nhd_2266689","45.76582948","-92.36122616","2013","apr","829","winterkill",0,0,0,0,0,1
"602","nhd_2264815","45.71051308","-91.86765769","2013","may","830","winterkill",0,0,0,0,0,1
"604","nhd_14618592","43.62664415","-95.08391905","2013","may","833","unknown",0,0,0,0,1,0
"605","nhd_2647462","45.18927589","-92.71300671","2013","may","834","winterkill",0,0,0,0,0,1
"606","nhd_2268385","45.86704065","-92.08438862","2013","jun","835","infectious",0,1,0,0,0,0
"607","nhd_4981310","45.36667676","-94.27488646","2013","jun","836","summerkill",0,0,1,0,0,0
"608","nhd_1101754","44.92173331","-93.30491681","2013","jun","837","summerkill",0,0,1,0,0,0
"609","nhd_13411474","42.87578912","-90.19956911","2013","jun","838","infectious",0,1,0,0,0,0
"610","nhd_1853025","45.82035528","-91.67190833","2013","jun","839","infectious",0,1,0,0,0,0
"611","nhd_4978868","45.63389347","-94.81011638","2013","jun","840","infectious",0,1,0,0,0,0
"612","nhd_2384576","44.86862277","-93.7842975","2013","jun","841","summerkill",0,0,1,0,0,0
"613","nhd_1101684","44.94180224","-93.31175871","2013","jun","842","summerkill",0,0,1,0,0,0
"614","nhd_2261023","46.23190577","-91.68905963","2013","jun","843","winterkill",0,0,0,0,0,1
"615","nhd_13124036","45.32456704","-91.43054017","2013","jun","844","infectious",0,1,0,0,0,0
"617","nhd_2647328","45.21430141","-92.57203735","2013","jun","846","infectious",0,1,0,0,0,0
"618","nhd_1101942","44.8790054","-93.60890427","2013","jun","849","summerkill",0,0,1,0,0,0
"619","nhd_1101492","44.99339135","-93.47190337","2013","jun","850","infectious",0,1,0,0,0,0
"621","nhd_1098928","45.1722738","-93.40634183","2013","aug","853","summerkill",0,0,1,0,0,0
"622","nhd_13206474","43.60279112","-91.42157694","2013","aug","854","summerkill",0,0,1,0,0,0
"624","nhd_2647948","45.04825968","-92.82335736","2013","aug","856","anthropogenic",1,0,0,0,0,0
"628","nhd_13085025","44.89251866","-91.91322277","2013","dec","863","winterkill",0,0,0,0,0,1
"629","nhd_1099450","45.03514563","-93.12234022","2013","dec","864","infectious",0,1,0,0,0,0
"630","nhd_2647328","45.21430141","-92.57203735","2013","dec","865","winterkill",0,0,0,0,0,1
"631","nhd_14768080","42.54100357","-88.35820209","2014","feb","866","winterkill",0,0,0,0,0,1
"632","nhd_2643994","45.6047884","-92.41349225","2014","mar","867","winterkill",0,0,0,0,0,1
"633","nhd_120052351","43.04585865","-89.34189835","2014","apr","868","winterkill",0,0,0,0,0,1
"634","nhd_13291054","43.01913266","-88.44340156","2014","apr","869","winterkill",0,0,0,0,0,1
"636","nhd_14783899","42.55209591","-88.0867678","2014","apr","871","winterkill",0,0,0,0,0,1
