"","WBIC","site_id"
"1",2391200,"nhd_13120940"
"2",2676000,"nhd_2266249"
"3",590500,"nhd_6842259"
"4",2718500,"nhd_1852639"
"5",2467200,"nhd_2266195"
"6",703300,"nhd_6842315"
"7",2268300,"nhd_12991001"
"8",691800,"nhd_6842187"
"9",1539600,"nhd_13393729"
"10",2707300,"nhd_120053170"
"11",1537100,"nhd_13393891"
"12",650500,"nhd_6842473"
"13",998500,"nhd_13394011"
"14",1872100,"nhd_13343952"
"15",2722800,"nhd_1850171"
"16",1178200,"nhd_13391855"
"17",2269400,"nhd_12990873"
"18",1593400,"nhd_13393449"
"19",2670900,"nhd_2265947"
"20",2284000,"nhd_13349304"
"21",2045000,"nhd_12988067"
"22",1870200,"nhd_12990915"
"23",2742700,"nhd_2260889"
"24",2482600,NA
"25",2486500,"nhd_1849447"
"26",2754600,"nhd_1816293"
"27",2431300,"nhd_13117576"
"28",2495600,"nhd_2261023"
"29",2311100,"nhd_13343260"
"30",2501300,"nhd_1849607"
"31",2489300,"nhd_13118624"
"32",2479800,"nhd_1849739"
"33",2897300,"nhd_1849521"
"34",2303500,"nhd_13345288"
"35",1871700,"nhd_13345562"
"36",1631900,"nhd_13391511"
"37",1859100,"nhd_13118746"
"38",2335500,"nhd_13343540"
"39",2336100,"nhd_13343464"
"40",2327200,"nhd_13343592"
"41",2406900,"nhd_13117630"
"42",1569600,"nhd_13395173"
"43",2111700,"nhd_13079011"
"44",630800,"nhd_6842901"
"45",2483100,"nhd_2644032"
"46",2469800,"nhd_2267181"
"47",1833100,"nhd_13078835"
"48",1840100,"nhd_13078887"
"49",608800,"nhd_6842795"
"50",1882800,"nhd_13080617"
"51",995000,"nhd_13395147"
"52",1008200,"nhd_13395207"
"53",977500,"nhd_13393897"
"54",1610800,"nhd_13393943"
"55",2685200,"nhd_2264087"
"56",1612000,"nhd_13394359"
"57",1613500,"nhd_13394459"
"58",1588200,"nhd_13394453"
"59",2381100,"nhd_13119644"
"60",1588000,"nhd_13394367"
"61",979200,"nhd_13394735"
"62",2385100,NA
"63",2107600,"nhd_13078371"
"64",1581700,"nhd_13394743"
"65",1586800,"nhd_13394501"
"66",2488100,"nhd_2264807"
"67",637800,NA
"68",1018900,"nhd_13394981"
"69",1547700,"nhd_13395361"
"70",2627300,"nhd_2646348"
"71",2621100,"nhd_2644338"
"72",634300,"nhd_120052171"
"73",1763000,"nhd_13131865"
"74",1667400,NA
"75",2165100,"nhd_13102539"
"76",531300,NA
"77",1005600,"nhd_13399177"
"78",2478200,"nhd_2646486"
"79",2079800,"nhd_13083895"
"80",390600,"nhd_9026337"
"81",465600,NA
"82",981500,"nhd_14726264"
"83",182200,"nhd_9026511"
"84",391400,"nhd_9028447"
"85",384500,NA
"86",2079700,"nhd_13083933"
"87",427500,"nhd_6808056"
"88",371900,NA
"89",417400,"nhd_6808194"
"90",533300,"nhd_6819638"
"91",353200,"nhd_9026691"
"92",1764000,"nhd_13131941"
"93",451000,"nhd_6810876"
"94",454200,"nhd_6810864"
"95",324000,"nhd_9029757"
"96",312600,"nhd_9032369"
"97",339600,"nhd_9029669"
"98",329900,"nhd_9029707"
"99",325300,NA
"100",337600,"nhd_9029045"
"101",315000,NA
"102",187300,"nhd_9026747"
"103",446700,"nhd_6808828"
"104",732300,NA
"105",94700,"nhd_13063019"
"106",1410400,"nhd_167120891"
"107",1412200,"nhd_14730210"
"108",2184900,"nhd_13124080"
"109",2054200,NA
"110",284300,"nhd_120053487"
"111",994900,"nhd_14704086"
"112",267800,"nhd_9035799"
"113",277600,"nhd_9035717"
"114",258600,"nhd_9035957"
"115",67200,"nhd_12173070"
"116",105600,NA
"117",190200,"nhd_9036221"
"118",104800,"nhd_6864363"
"119",195400,"nhd_9036259"
"120",175700,"nhd_6866613"
"121",43300,NA
"122",106800,"nhd_6866363"
"123",146100,"nhd_120052176"
"124",54400,NA
"125",1642700,NA
"126",979000,"nhd_13630667"
"127",1283700,"nhd_13652630"
"128",854300,"nhd_13290780"
"129",854100,"nhd_13290764"
"130",779200,"nhd_13290840"
"131",1000700,"nhd_14708628"
"132",1000700,"nhd_14708628"
"133",44600,"nhd_12177402"
"134",784350,NA
"135",805000,"nhd_13293322"
"136",1205000,"nhd_13634431"
"137",1326600,"nhd_14707904"
"138",756700,"nhd_14768024"
"139",1609600,"nhd_13393943"
"140",721200,NA
"141",739100,"nhd_14783859"
"142",2339800,"nhd_13343900"
"143",1345700,"nhd_120052589"
"144",2068000,"nhd_120053694"
"145",2252200,"nhd_12991295"
"146",2459800,"nhd_2264127"
"147",2263400,"nhd_12991241"
"148",2393200,"nhd_13121108"
"149",1862200,"nhd_13121128"
"150",1482400,"nhd_14726480"
"151",2630700,"nhd_2644264"
"152",1882300,"nhd_13078497"
"153",1502400,NA
"154",850300,"nhd_13290832"
"155",2350400,"nhd_13124042"
"156",2634400,NA
"157",759800,"nhd_14767924"
"158",2246500,"nhd_12991369"
"159",2080000,"nhd_13081527"
"160",2691500,"nhd_1850011"
"161",1515400,"nhd_120052157"
"162",245650,"nhd_9036279"
"163",2071700,"nhd_13084263"
"164",1322400,"nhd_14705706"
"165",1330200,"nhd_14707344"
"166",68100,"nhd_12173068"
"167",1718500,"nhd_13135121"
"168",1000700,NA
"169",1242400,"nhd_13634413"
"170",2160700,"nhd_13102701"
"171",161600,"nhd_6864997"
"172",2160700,"nhd_13102599"
"173",2393500,"nhd_13121212"
"174",1412200,"nhd_14730272"
"175",262700,"nhd_9035983"
"176",2152800,"nhd_13105755"
"177",2405900,"nhd_13117806"
"178",1632200,"nhd_13391627"
"179",1841300,"nhd_13118896"
"180",2332300,"nhd_13344198"
"181",1623400,"nhd_13391833"
"182",2748000,NA
"183",2895700,NA
"184",2756700,"nhd_1803631"
"185",2733900,"nhd_1849409"
"186",2916900,"nhd_1813677"
"187",2899200,"nhd_1816333"
"188",2754900,"nhd_1816531"
"189",2750200,NA
"190",2767800,"nhd_1816191"
"191",2310800,"nhd_13343206"
"192",2700200,"nhd_1849675"
"193",2953100,"nhd_6792137"
"194",2729700,"nhd_1849549"
"195",2451700,"nhd_1849651"
"196",2309700,"nhd_13343282"
"197",2429300,"nhd_13117748"
"198",1834500,"nhd_13117714"
"199",2475000,"nhd_1852609"
"200",1842400,"nhd_13344284"
"201",2674000,"nhd_1855167"
"202",2046300,"nhd_13393367"
"203",1016800,"nhd_13393515"
"204",2046600,"nhd_13120970"
"205",983600,"nhd_13393549"
"206",1599400,"nhd_13393725"
"207",2323000,"nhd_13346614"
"208",2279400,"nhd_13349384"
"209",2498600,"nhd_1852741"
"210",2261900,NA
"211",1600000,"nhd_13396007"
"212",2272600,"nhd_12988539"
"213",2456100,"nhd_2264045"
"214",990700,"nhd_13394267"
"215",2646500,"nhd_2643626"
"216",1980500,NA
"217",1583000,"nhd_13394665"
"218",1837200,NA
"219",2244200,"nhd_12991537"
"220",642100,"nhd_6842675"
"221",1001300,"nhd_13394733"
"222",1523600,"nhd_13394649"
"223",1957600,NA
"224",1580400,"nhd_13394777"
"225",1538600,"nhd_13394115"
"226",2542200,NA
"227",2681600,NA
"228",1882900,"nhd_13121154"
"229",2277600,"nhd_13349624"
"230",1580200,"nhd_13394777"
"231",2105100,"nhd_13078811"
"232",2238100,NA
"233",2113000,"nhd_13078713"
"234",1518200,"nhd_13395071"
"235",500000,"nhd_6819500"
"236",1466200,"nhd_14729130"
"237",2472300,"nhd_2647116"
"238",1483200,"nhd_14726508"
"239",2616100,"nhd_13105149"
"240",1942600,NA
"241",2361900,"nhd_13121396"
"242",1178000,"nhd_13395143"
"243",502200,NA
"244",396700,"nhd_9022747"
"245",1555500,"nhd_13395379"
"246",2621600,"nhd_2644332"
"247",2457400,"nhd_2644282"
"248",2097100,"nhd_13081129"
"249",613300,"nhd_6819424"
"250",610700,"nhd_6847749"
"251",2096700,NA
"252",2348700,"nhd_13124320"
"253",2490400,"nhd_2647228"
"254",531300,NA
"255",2615100,"nhd_2647328"
"256",198100,"nhd_9026587"
"257",2151000,"nhd_13105759"
"258",2485500,"nhd_2647788"
"259",2858300,"nhd_1803593"
"260",379100,NA
"261",521400,"nhd_6819874"
"262",418000,"nhd_6808506"
"263",1766600,"nhd_13131991"
"264",2152100,"nhd_13104051"
"265",189500,"nhd_9029637"
"266",299200,"nhd_9029899"
"267",299100,"nhd_9029899"
"268",414900,"nhd_6800754"
"269",2133200,"nhd_13097764"
"270",1403600,"nhd_14701884"
"271",1410300,"nhd_167120891"
"272",2599000,"nhd_2260853"
"273",2470800,"nhd_2260749"
"274",2770300,"nhd_1816245"
"275",2742100,"nhd_2260935"
"276",2901100,"nhd_1816151"
"277",2501700,"nhd_2260791"
"278",2770500,NA
"279",2467100,"nhd_1852725"
"280",1599600,"nhd_13396007"
"281",1004500,"nhd_13393647"
"282",1600200,"nhd_13396013"
"283",1541500,"nhd_13393747"
"284",2392000,"nhd_13121080"
"285",2253400,"nhd_12991247"
"286",672300,"nhd_6842425"
"287",1016200,"nhd_13394025"
"288",2459500,"nhd_2646378"
"289",1555400,"nhd_13395373"
"290",2211300,"nhd_12979571"
"291",634300,"nhd_120052171"
"292",2171000,"nhd_13104043"
"293",2171600,"nhd_13103947"
"294",458700,"nhd_6808690"
"295",523300,"nhd_6819790"
"296",326400,"nhd_9029805"
"297",779500,"nhd_13296408"
"298",277800,"nhd_9035765"
"299",198000,"nhd_9035817"
"300",1788300,"nhd_2731780"
"301",40900,"nhd_12161342"
"302",1286500,"nhd_13652604"
"303",1286100,"nhd_13652612"
"304",1641400,"nhd_13205684"
"305",861900,"nhd_13289550"
"306",742275,"nhd_14767182"
"307",779300,"nhd_13294464"
"308",406400,"nhd_120053482"
"309",809800,"nhd_13291034"
"310",6100,NA
"311",881600,NA
"312",777800,"nhd_13296526"
"313",886000,"nhd_13424945"
"314",1717700,"nhd_13135119"
"315",1653500,"nhd_2454776"
"316",1275500,"nhd_13653696"
"317",1663400,NA
"318",2502200,"nhd_2260735"
"319",2310400,"nhd_13343156"
"320",2934000,"nhd_1813891"
"321",1880100,NA
"322",2732200,"nhd_1849679"
"323",2299900,"nhd_13345476"
"324",2301800,"nhd_13345454"
"325",2728700,"nhd_1849829"
"326",2695800,"nhd_1849929"
"327",1823500,NA
"328",149800,"nhd_6866325"
"329",1354300,"nhd_14705974"
"330",46750,NA
"331",751100,"nhd_14768008"
"332",772000,"nhd_14767156"
"333",778500,"nhd_13294534"
"334",822200,"nhd_13294494"
"335",820800,"nhd_13294582"
"336",770500,"nhd_14767658"
"337",818700,"nhd_13294716"
"338",781250,"nhd_13294916"
"339",349600,NA
"340",2935600,"nhd_1813691"
"341",2900200,"nhd_1816509"
"342",2600800,"nhd_2261061"
"343",2694000,"nhd_1849589"
"344",2959700,"nhd_6792111"
"345",2307300,"nhd_13343174"
"346",2961600,"nhd_6792345"
"347",1844300,"nhd_13345364"
"348",2459700,"nhd_1849729"
"349",2313100,"nhd_13345520"
"350",1629500,"nhd_13391565"
"351",1979100,NA
"352",2491100,"nhd_2266577"
"353",2387200,"nhd_13121252"
"354",2650900,"nhd_2643660"
"355",2461500,"nhd_2266663"
"356",2651800,"nhd_2643642"
"357",2496100,"nhd_2264295"
"358",1611100,"nhd_13394263"
"359",2453900,NA
"360",2628800,"nhd_2646446"
"361",2202600,"nhd_12980479"
"362",2624200,"nhd_2646764"
"363",2096700,"nhd_13081141"
"364",2506400,NA
"365",1374300,"nhd_14704124"
"366",455300,"nhd_6808754"
"367",518300,"nhd_6819970"
"368",98600,"nhd_13062671"
"369",306600,NA
"370",2640700,"nhd_2644102"
"371",632800,"nhd_6842811"
"372",1520900,"nhd_13395163"
"373",1560400,"nhd_13395439"
"374",2104500,"nhd_13079127"
"375",1304600,NA
"376",856800,"nhd_13290678"
"377",754400,"nhd_14767874"
"378",748800,"nhd_14768002"
"379",794200,"nhd_13294882"
"380",757900,"nhd_14768000"
"381",255000,"nhd_9036043"
"382",191100,"nhd_9036137"
"383",2691900,"nhd_1849951"
"384",2688800,"nhd_2262401"
"385",2460900,"nhd_1849873"
"386",1843500,"nhd_13343956"
"387",2316100,"nhd_13343730"
"388",2480100,"nhd_13080215"
"389",2674200,"nhd_1855083"
"390",262400,"nhd_9035981"
"391",803700,"nhd_120052351"
"392",1343600,"nhd_14708526"
"393",985000,"nhd_14704110"
"394",989200,"nhd_13393939"
"395",322800,"nhd_9029767"
"396",1529700,"nhd_13394571"
"397",2109600,"nhd_13078817"
"398",1409100,"nhd_167120891"
"399",2488300,"nhd_2647928"
"400",2327500,"nhd_13343530"
"401",2405100,NA
"402",993300,"nhd_13391591"
"403",2426100,"nhd_13117840"
"404",2341500,"nhd_13343898"
"405",2435700,"nhd_13118764"
"406",2563300,NA
"407",196100,"nhd_9036109"
"408",1773300,NA
"409",1012000,"nhd_14704108"
"410",2471200,"nhd_2646880"
"411",992400,"nhd_14726430"
"412",1467100,"nhd_14729142"
"413",1469100,"nhd_14729154"
"414",530400,"nhd_6818338"
"415",2200500,"nhd_12980643"
"416",379300,"nhd_9026537"
"417",1256500,"nhd_13631587"
"418",294500,"nhd_9029909"
"419",272900,"nhd_9033749"
"420",198900,"nhd_9035919"
"421",163400,NA
"422",162500,"nhd_6864901"
"423",160600,"nhd_6866601"
"424",2499500,"nhd_2262769"
"425",747900,"nhd_14768064"
"426",758300,"nhd_14768018"
"427",1610300,"nhd_13394249"
"428",2054600,"nhd_13107547"
"429",394400,"nhd_9022733"
"430",1884800,"nhd_13078907"
"431",177500,"nhd_6866507"
"432",2486800,"nhd_2647482"
"433",1437800,"nhd_14730086"
"434",103900,"nhd_6864373"
"435",763500,"nhd_14767802"
"436",721400,NA
"437",1670030,NA
"438",2674500,NA
"439",2267200,"nhd_12987561"
"440",2675000,"nhd_2266031"
"441",2454500,"nhd_2266085"
"442",2674800,"nhd_2266141"
"443",997600,"nhd_13391889"
"444",2673500,"nhd_2265939"
"445",738200,"nhd_14783899"
"446",257700,"nhd_9033813"
"447",103300,"nhd_6866479"
"448",106600,"nhd_6866401"
"449",104000,"nhd_6866553"
"450",2664500,"nhd_2264635"
"451",1587600,"nhd_13394591"
"452",2116600,NA
"453",1260600,"nhd_13631537"
"454",833200,NA
"455",828600,"nhd_13290742"
"456",2743700,"nhd_2260885"
"457",2489200,"nhd_2260895"
"458",2743300,"nhd_2260893"
"459",1176500,"nhd_13394965"
"460",2490600,"nhd_2266985"
"461",2113300,"nhd_13078315"
"462",2904000,"nhd_1813383"
"463",2903200,"nhd_1813379"
"464",2089500,"nhd_13081151"
"465",2764300,"nhd_1816069"
"466",2099800,"nhd_13079041"
"467",2737800,"nhd_2261047"
"468",2349600,"nhd_13124046"
"469",79800,"nhd_12174624"
"470",1642400,"nhd_13206472"
"471",2618000,"nhd_2646860"
"472",1593100,"nhd_13391771"
"473",2671200,"nhd_2265893"
"474",2705700,"nhd_1851975"
"475",2259400,"nhd_12990855"
"476",2672100,"nhd_2265921"
"477",2296500,"nhd_120053484"
"478",1540400,"nhd_13393397"
"479",2671000,"nhd_2265947"
"480",2566400,NA
"481",1855600,"nhd_13120946"
"482",2046800,"nhd_13346714"
"483",803400,"nhd_167120948"
"484",1239400,"nhd_13634457"
"485",903700,"nhd_13409634"
"486",1004600,"nhd_13394913"
"487",765800,"nhd_14767708"
"488",741980,NA
"489",647300,NA
"490",38700,"nhd_12161108"
"491",2624200,"nhd_2646764"
"492",2184900,"nhd_13124080"
"493",494800,"nhd_6808428"
"494",2166100,"nhd_13102657"
"495",489900,"nhd_6808372"
"496",329600,"nhd_9029557"
"497",240900,"nhd_9032395"
"498",310100,"nhd_9032337"
"499",848800,"nhd_13290818"
"500",195100,"nhd_9032833"
"501",1409400,"nhd_167120891"
"502",190100,"nhd_9035845"
"503",12370,NA
"504",19900,NA
"505",806500,"nhd_13293258"
"506",32500,"nhd_12161150"
"507",8300,"nhd_12161270"
"508",778700,"nhd_13290914"
"509",643800,"nhd_6842801"
"510",703000,"nhd_6842347"
"511",2619400,"nhd_2646644"
"512",1849100,"nhd_13081323"
"513",1322400,"nhd_14705718"
"514",2768900,"nhd_1797487"
"515",2916200,"nhd_1813673"
"516",2904300,"nhd_1816149"
"517",2308000,"nhd_13343108"
"518",1886000,"nhd_12988303"
"519",1606600,"nhd_6842323"
"520",2480800,"nhd_2266269"
"521",706100,"nhd_14445892"
"522",2256800,"nhd_12990929"
"523",585100,"nhd_6842371"
"524",2254800,"nhd_12991283"
"525",2382700,"nhd_13119476"
"526",651600,"nhd_6842437"
"527",1378100,NA
"528",1301300,"nhd_14708556"
"529",825000,"nhd_13294422"
"530",810700,"nhd_13293298"
"531",8600,NA
"532",15500,"nhd_12164188"
"533",2206300,"nhd_12980461"
"534",1322400,NA
"535",246900,"nhd_9036257"
"536",117600,"nhd_6866313"
"537",1278700,"nhd_13652172"
"538",835100,"nhd_120053596"
"539",779800,"nhd_13290942"
"540",390,NA
"541",826400,"nhd_13291066"
"542",1722000,"nhd_13135123"
"543",2866200,"nhd_1801939"
"544",2767200,"nhd_1797395"
"545",2838000,"nhd_1799783"
"546",2769200,"nhd_1801875"
"547",2744300,"nhd_2260937"
"548",2832300,"nhd_1816247"
"549",1545600,"nhd_13393577"
"550",675100,"nhd_6842289"
"551",2433900,"nhd_13120880"
"552",2484200,"nhd_1852679"
"553",998400,"nhd_13393555"
"554",2260900,"nhd_12990963"
"555",2495100,"nhd_2266151"
"556",2451300,"nhd_13080293"
"557",2268600,"nhd_12991001"
"558",2394700,"nhd_13121134"
"559",1603700,"nhd_13393753"
"560",1873100,"nhd_13349570"
"561",655300,"nhd_6842393"
"562",1009100,"nhd_13395117"
"563",1580100,"nhd_13394777"
"564",1522400,"nhd_13395019"
"565",617900,"nhd_6842959"
"566",1519600,"nhd_13395257"
"567",2104100,"nhd_13079151"
"568",2630800,"nhd_2644234"
"569",627200,"nhd_120052172"
"570",515000,"nhd_120052159"
"571",2600400,"nhd_2646570"
"572",350200,NA
"573",424200,"nhd_6808634"
"574",100000,"nhd_13062951"
"575",273200,"nhd_9035869"
"576",264700,"nhd_9035987"
"577",1782700,"nhd_2731800"
"578",1598900,"nhd_13394253"
"579",2533300,NA
"580",1610600,"nhd_13393943"
"581",1534800,"nhd_13394239"
"582",93300,"nhd_13062485"
"583",1558200,"nhd_13399227"
"584",197700,"nhd_9026425"
"585",388100,"nhd_9026435"
"586",1514700,"nhd_12980555"
"587",498800,"nhd_6819534"
"588",519700,"nhd_6819976"
"589",504300,"nhd_6819954"
"590",2056600,"nhd_13107527"
"591",276500,NA
"592",263900,"nhd_9035999"
"593",264100,"nhd_9036005"
"594",835100,"nhd_120053596"
"595",2956800,"nhd_6792377"
"596",630400,NA
"597",117100,"nhd_6866705"
"598",2451100,"nhd_2266423"
"599",466400,"nhd_6808160"
"600",2420100,"nhd_13118694"
"601",1304600,NA
"602",1345700,"nhd_120052589"
"603",1296000,"nhd_14708610"
"604",1000700,"nhd_14708628"
"605",793600,"nhd_13294910"
"606",739400,"nhd_14767994"
"607",77500,"nhd_12174540"
"608",1000700,"nhd_14708626"
"609",2491400,"nhd_2260809"
"610",2754800,NA
"611",2922700,"nhd_1813697"
"612",2896600,"nhd_1816535"
"613",2928400,"nhd_1813649"
"614",2497100,"nhd_2260993"
"615",2935300,"nhd_1813733"
"616",2741700,"nhd_2260991"
"617",2299200,"nhd_13345392"
"618",2302400,"nhd_13345384"
"619",2469000,"nhd_1849719"
"620",2918200,"nhd_1813827"
"621",2456600,NA
"622",12050,NA
"623",985100,"nhd_13631637"
"624",778100,"nhd_13291002"
"625",378400,"nhd_9026373"
"626",504200,"nhd_6819422"
"627",2503400,"nhd_2646680"
"628",528500,"nhd_6819486"
"629",1515200,"nhd_13400551"
"630",422900,"nhd_6808054"
"631",1445600,"nhd_14726284"
"632",481700,"nhd_6808852"
"633",446600,"nhd_6808842"
"634",182000,"nhd_9029637"
"635",1415100,"nhd_14732002"
"636",2055200,"nhd_13105927"
"637",591600,"nhd_6842629"
"638",2107500,"nhd_13078415"
"639",1304600,"nhd_14710220"
"640",1575700,"nhd_13394785"
"641",2234600,"nhd_12991497"
"642",1984900,NA
"643",408000,"nhd_9022603"
"644",1839000,"nhd_13078255"
"645",1884000,"nhd_13078431"
"646",622800,"nhd_6842721"
"647",979300,"nhd_13394831"
"648",1006400,"nhd_13394947"
"649",503200,NA
"650",428100,"nhd_6808042"
"651",2465600,"nhd_2646980"
"652",1002300,"nhd_14726506"
"653",1875900,"nhd_13124014"
"654",192400,"nhd_9036065"
"655",178700,"nhd_6866487"
"656",1572500,"nhd_13394991"
"657",2112800,"nhd_13078737"
"658",2106200,"nhd_13078729"
"659",2668200,"nhd_2267221"
"660",1861400,"nhd_13079029"
"661",1864000,"nhd_13078853"
"662",808300,NA
"663",760900,"nhd_14767820"
"664",793600,"nhd_13294928"
"665",740550,NA
"666",1880700,"nhd_13343860"
"667",1542600,"nhd_13394003"
"668",743900,"nhd_14768086"
"669",1542300,"nhd_13393881"
"670",323800,"nhd_9029755"
"671",1612300,"nhd_13393943"
"672",1882400,"nhd_13078519"
"673",1623700,"nhd_13391717"
"674",862400,"nhd_13290580"
"675",609200,NA
"676",2683200,"nhd_2264245"
"677",2436000,"nhd_13118750"
"678",2465100,"nhd_13118668"
"679",2964400,"nhd_11950261"
"680",2691200,"nhd_1851693"
"681",2429600,"nhd_13117708"
"682",2495900,"nhd_2262475"
"683",2327100,"nhd_13343604"
"684",2572100,NA
"685",2334400,"nhd_13343626"
"686",2297000,"nhd_13345594"
"687",2329300,"nhd_13343614"
"688",2570340,NA
"689",2464400,"nhd_2266593"
"690",652200,"nhd_6842583"
"691",982400,"nhd_13394509"
"692",608400,"nhd_6842669"
"693",545400,"nhd_6819514"
"694",2616900,"nhd_2646936"
"695",1488400,"nhd_14726340"
"696",1008900,"nhd_14726496"
"697",2624000,"nhd_2646976"
"698",2623800,"nhd_2647054"
"699",991200,NA
"700",1448600,"nhd_14726384"
"701",425600,"nhd_6808218"
"702",496300,"nhd_6808166"
"703",2339900,"nhd_13343954"
"704",281900,"nhd_9032783"
"705",1825100,"nhd_2113610"
"706",168000,"nhd_6866497"
"707",138000,"nhd_12009986"
"708",37900,"nhd_12161178"
"709",43700,"nhd_12161138"
"710",2481500,"nhd_2644114"
"711",2599400,"nhd_2267263"
"712",2477100,"nhd_2644054"
"713",2668600,"nhd_2267449"
"714",2043500,"nhd_13078833"
"715",617300,"nhd_6842831"
"716",1577100,"nhd_13395285"
"717",557100,"nhd_6817206"
"718",2624600,"nhd_2646970"
"719",540600,"nhd_6820636"
"720",486400,"nhd_6808366"
"721",425300,"nhd_6808442"
"722",1481600,"nhd_14726662"
"723",533800,"nhd_6819662"
"724",10300,NA
"725",732300,"nhd_13107555"
"726",282800,"nhd_9032817"
"727",182400,NA
"728",251600,"nhd_9036175"
"729",139900,"nhd_6863055"
"730",42400,"nhd_12161232"
"731",175700,"nhd_6866613"
"732",1708600,NA
"733",1378100,"nhd_14704058"
"734",196700,"nhd_9036153"
"735",1377900,"nhd_14704066"
"736",2903600,"nhd_1816075"
"737",2642000,"nhd_2643854"
"738",2677200,"nhd_2266623"
"739",2501000,"nhd_2644026"
"740",2107700,"nhd_13078143"
"741",653700,"nhd_6842477"
"742",2400600,"nhd_120052452"
"743",2468900,"nhd_2644030"
"744",1441100,NA
"745",2956700,"nhd_6792377"
"746",272000,"nhd_9033795"
"747",1874400,"nhd_13078847"
"748",2667300,"nhd_2267247"
"749",141400,"nhd_6864745"
"750",487500,"nhd_6808236"
"751",489700,"nhd_6808380"
"752",1599400,"nhd_13393725"
"753",2339100,"nhd_13343830"
"754",262900,"nhd_9035997"
"755",780400,"nhd_13296418"
"756",2767100,"nhd_1797425"
"757",2671900,"nhd_2262783"
"758",2722400,"nhd_1850179"
"759",2672500,"nhd_2262767"
"760",2266800,"nhd_12987571"
"761",2726000,"nhd_1850199"
"762",2434800,"nhd_120053682"
"763",2331600,"nhd_13343906"
"764",2600300,"nhd_1850241"
"765",2294900,"nhd_13345552"
"766",1594000,"nhd_13393421"
"767",2485600,"nhd_2647270"
"768",991700,"nhd_13391867"
"769",2322300,"nhd_13346562"
"770",2320500,"nhd_13346562"
"771",1620500,"nhd_13393417"
"772",193800,"nhd_9032315"
"773",187400,NA
"774",421600,"nhd_6808422"
"775",462300,"nhd_6808374"
"776",1762700,"nhd_13131869"
"777",2128100,"nhd_13097728"
"778",107900,"nhd_6864383"
"779",67400,"nhd_12173058"
"780",107500,"nhd_6866345"
"781",2098800,"nhd_13079171"
"782",190900,"nhd_9026319"
"783",585500,"nhd_6842997"
"784",2631200,"nhd_167120756"
"785",1012100,"nhd_120053486"
"786",1516000,"nhd_120052157"
"787",93500,"nhd_13062613"
"788",524700,"nhd_6819756"
"789",1879300,"nhd_13124322"
"790",2195400,"nhd_12980725"
"791",2468200,"nhd_2647642"
"792",280400,"nhd_9033611"
"793",988000,"nhd_13395401"
"794",1566300,"nhd_13395505"
"795",1841900,"nhd_13352074"
"796",1579700,"nhd_13399119"
"797",2478600,"nhd_2646420"
"798",1867600,"nhd_13081043"
"799",2620000,"nhd_2646540"
"800",522400,"nhd_6819872"
"801",424700,"nhd_6808700"
"802",2171200,"nhd_13104013"
"803",2681600,NA
"804",181900,"nhd_9035803"
"805",107400,NA
"806",1666000,"nhd_2452938"
"807",46700,NA
"808",29000,NA
"809",1000700,"nhd_14708626"
"810",1246500,"nhd_13634461"
"811",762400,"nhd_14767688"
"812",740200,"nhd_14767830"
"813",1322400,"nhd_14705712"
"814",1322400,NA
"815",253800,"nhd_9033853"
"816",29700,"nhd_12161466"
"817",837100,"nhd_13282356"
"818",515800,NA
"819",2340700,"nhd_13343982"
"820",1840400,"nhd_12987579"
"821",2749900,NA
"822",2899000,NA
"823",2755600,"nhd_1816177"
"824",2732600,"nhd_1849501"
"825",2918600,"nhd_1813827"
"826",1868900,"nhd_13343298"
"827",2712800,"nhd_1852919"
"828",2649500,"nhd_2643622"
"829",2243500,"nhd_12991307"
"830",2273900,NA
"831",650000,"nhd_6842611"
"832",2502000,"nhd_2264213"
"833",1543300,"nhd_13394221"
"834",652500,"nhd_6842607"
"835",1535000,"nhd_13394339"
"836",1506200,"nhd_14726112"
"837",387200,"nhd_9028333"
"838",191900,"nhd_9026349"
"839",2495000,"nhd_2646804"
"840",587800,"nhd_6847715"
"841",1513000,"nhd_13400551"
"842",2079100,"nhd_13083971"
"843",994800,"nhd_13630673"
"844",1267400,"nhd_120052474"
"845",1226100,"nhd_13634341"
"846",741700,"nhd_14767902"
"847",816600,"nhd_13294782"
"848",1336200,"nhd_14705806"
"849",66800,"nhd_12173086"
"850",179800,"nhd_6866693"
"851",2468300,"nhd_1849619"
"852",2449300,"nhd_1849627"
"853",2294500,"nhd_13345374"
"854",2326700,"nhd_13343450"
"855",2406500,"nhd_13117646"
"856",1005700,"nhd_13391555"
"857",2423900,"nhd_13118656"
"858",2486300,"nhd_2262491"
"859",2313600,"nhd_13345510"
"860",2495200,"nhd_2262413"
"861",1838600,"nhd_13117650"
"862",2338800,"nhd_13343568"
"863",2328800,"nhd_13343614"
"864",2533000,"nhd_13078037"
"865",972000,"nhd_13394319"
"866",1612100,"nhd_13394403"
"867",2275300,"nhd_13349678"
"868",400,"nhd_12168905"
"869",1838500,"nhd_13123948"
"870",1445500,"nhd_14726320"
"871",384700,NA
"872",1017400,"nhd_14726194"
"873",967200,"nhd_14726248"
"874",2452200,"nhd_2646814"
"875",2626300,NA
"876",999700,"nhd_14726360"
"877",2607600,"nhd_13105365"
"878",1412200,"nhd_14730296"
"879",261200,"nhd_9035981"
"880",265100,"nhd_9035945"
"881",85400,"nhd_12172944"
"882",1717300,"nhd_13134961"
"883",265500,"nhd_9035945"
"884",146100,"nhd_6864789"
"885",117500,"nhd_6866485"
"886",103400,"nhd_6866429"
"887",2649800,"nhd_2643664"
"888",2914800,"nhd_1813639"
"889",1447200,"nhd_14726528"
"890",2314100,"nhd_13345478"
"891",1856400,"nhd_13343336"
"892",2492800,"nhd_1849755"
"893",2300600,"nhd_13345458"
"894",2343600,"nhd_13343496"
"895",2705000,"nhd_1849765"
"896",2452300,"nhd_2262477"
"897",1630600,"nhd_13391483"
"898",2336800,"nhd_13343420"
"899",1832200,"nhd_13343414"
"900",2488200,"nhd_1851893"
"901",2340100,"nhd_13344026"
"902",2416900,"nhd_13118830"
"903",2453300,"nhd_1850075"
"904",1513800,"nhd_14729114"
"905",1010100,"nhd_14726518"
"906",2201000,NA
"907",1836700,"nhd_13352138"
"908",2650300,"nhd_2643738"
"909",724600,"nhd_13209682"
"910",724000,NA
"911",2081200,"nhd_13080639"
"912",1555900,"nhd_13399045"
"913",305500,"nhd_9029847"
"914",1434900,"nhd_14731992"
"915",1335500,"nhd_14705842"
"916",131100,"nhd_120052443"
"917",459900,"nhd_6808562"
"918",1437500,"nhd_14730086"
"919",1246300,"nhd_13634447"
"920",2668100,"nhd_2267225"
"921",480100,"nhd_6807690"
"922",490100,"nhd_6808348"
"923",456765,"nhd_6808544"
"924",2423000,"nhd_13118768"
"925",1602300,"nhd_120053667"
"926",2674500,NA
"927",985900,"nhd_13391779"
"928",1176400,"nhd_13393361"
"929",2493100,"nhd_1855223"
"930",1847000,"nhd_13078543"
"931",1848400,"nhd_13078727"
"932",1571300,"nhd_13394961"
"933",501800,"nhd_6816862"
"934",2239300,"nhd_12991627"
"935",968100,"nhd_13394773"
"936",1855800,"nhd_13121364"
"937",1835000,"nhd_13078681"
"938",2240100,"nhd_12991623"
"939",406400,NA
"940",1564200,"nhd_13395159"
"941",540600,"nhd_6820636"
"942",993800,"nhd_14726592"
"943",461300,"nhd_6808400"
"944",2311700,"nhd_13343156"
"945",2673600,"nhd_2265939"
"946",2462200,"nhd_2260719"
"947",2463300,"nhd_2260815"
"948",2750200,NA
"949",2125400,"nhd_13105849"
"950",830800,"nhd_13282794"
"951",873900,NA
"952",1204030,NA
"953",7100,"nhd_12169509"
"954",763200,"nhd_14767684"
"955",165700,"nhd_6866405"
"956",166700,"nhd_6866415"
"957",104300,"nhd_6866619"
"958",171000,"nhd_6866591"
"959",175700,NA
"960",25600,"nhd_12162850"
"961",743000,"nhd_14768096"
"962",2098000,"nhd_13081091"
"963",1378100,"nhd_14704058"
"964",2474400,"nhd_2267029"
"965",970000,"nhd_13394205"
"966",2486200,"nhd_2644044"
"967",973000,"nhd_13394119"
"968",766600,"nhd_14767784"
"969",426200,"nhd_6808058"
"970",449300,NA
"971",2728900,"nhd_1849889"
"972",265400,"nhd_9035945"
"973",265200,"nhd_9035945"
"974",969300,"nhd_13394219"
"975",1528300,"nhd_13394473"
"976",146100,"nhd_120052176"
"977",1518700,"nhd_13394957"
"978",835100,"nhd_13281386"
"979",702800,"nhd_6842347"
"980",2227500,NA
"981",2399700,"nhd_13120880"
"982",2267000,"nhd_12987583"
"983",1881900,"nhd_13344210"
"984",2266900,"nhd_12987557"
"985",2670700,"nhd_120053127"
"986",2401300,"nhd_13119274"
"987",2673300,NA
"988",1592400,"nhd_120052559"
"989",2451900,"nhd_1852643"
"990",2415800,"nhd_13120838"
"991",1601300,"nhd_13393431"
"992",2709800,"nhd_1852687"
"993",2046500,"nhd_13121370"
"994",2641000,"nhd_2644088"
"995",988200,"nhd_13395085"
"996",977100,"nhd_13395165"
"997",2518800,NA
"998",2200400,"nhd_12980631"
"999",426100,"nhd_6808106"
"1000",2172600,"nhd_13103871"
"1001",1764500,"nhd_13131903"
"1002",418700,"nhd_6808248"
"1003",769750,NA
"1004",1835700,"nhd_13121060"
"1005",1858200,"nhd_13080589"
"1006",2436800,"nhd_13120880"
"1007",2449400,"nhd_2644196"
"1008",2903100,"nhd_1813379"
"1009",1753300,"nhd_13132689"
"1010",1406300,"nhd_14701628"
"1011",1620000,NA
"1012",2265900,"nhd_12990849"
"1013",2256800,"nhd_12990929"
"1014",2711800,NA
"1015",1870100,"nhd_12990923"
"1016",1866400,"nhd_13349408"
"1017",1593800,"nhd_13393533"
"1018",607500,"nhd_6842385"
"1019",2500100,"nhd_1852711"
"1020",706000,"nhd_14445878"
"1021",583700,"nhd_6842821"
"1022",2105800,"nhd_13078839"
"1023",2210900,"nhd_12979511"
"1024",1572000,"nhd_13395039"
"1025",2193900,"nhd_12980685"
"1026",348700,"nhd_9026661"
"1027",1615900,"nhd_13394797"
"1028",1533200,"nhd_13394577"
"1029",1015100,"nhd_13394511"
"1030",2114300,"nhd_13078575"
"1031",1861900,"nhd_13078697"
"1032",1865400,"nhd_13078707"
"1033",200300,"nhd_9035729"
"1034",67100,NA
"1035",107700,"nhd_6866683"
"1036",835800,"nhd_13281252"
"1037",1885700,NA
"1038",2351400,"nhd_13124170"
"1039",1590400,"nhd_13393863"
"1040",2765900,"nhd_120053691"
"1041",2669300,"nhd_2267429"
"1042",2176200,"nhd_13103901"
"1043",1878800,"nhd_13124016"
"1044",1333900,"nhd_14705866"
"1045",1717300,"nhd_13134967"
"1046",2876200,"nhd_1797513"
"1047",2754300,NA
"1048",2832900,"nhd_1816241"
"1049",2899400,"nhd_1816379"
"1050",2935500,"nhd_1813701"
"1051",2479000,"nhd_2260759"
"1052",2747700,NA
"1053",1008700,"nhd_13393581"
"1054",2268200,"nhd_12991075"
"1055",1835500,"nhd_12988315"
"1056",1603600,"nhd_13393655"
"1057",974200,"nhd_13393935"
"1058",2598600,"nhd_2266553"
"1059",1610700,"nhd_13393943"
"1060",2081700,"nhd_13080623"
"1061",2104300,"nhd_13079055"
"1062",2098200,"nhd_13079193"
"1063",552100,"nhd_6817254"
"1064",1005200,NA
"1065",1322400,NA
"1066",2181400,NA
"1067",421800,"nhd_6808502"
"1068",184300,"nhd_9026651"
"1069",2741600,"nhd_2260969"
"1070",742245,NA
"1071",767400,"nhd_14767716"
"1072",828000,"nhd_13290910"
"1073",742210,NA
"1074",1322400,"nhd_14705700"
"1075",2767300,"nhd_1813593"
"1076",2743600,"nhd_2260889"
"1077",2964000,"nhd_11949795"
"1078",2944800,"nhd_1813751"
"1079",2734500,"nhd_1849473"
"1080",2381900,"nhd_13119508"
"1081",1862400,"nhd_13121114"
"1082",1884100,"nhd_13121114"
"1083",651300,"nhd_6842501"
"1084",1605200,"nhd_13393859"
"1085",587400,"nhd_6842439"
"1086",1589100,"nhd_13394155"
"1087",2713900,NA
"1088",1982400,"nhd_13078117"
"1089",2543100,NA
"1090",1249800,NA
"1091",804000,"nhd_120052351"
"1092",830700,"nhd_13282702"
"1093",2775200,NA
"1094",2866000,"nhd_1797623"
"1095",2456500,NA
"1096",2921100,"nhd_1813609"
"1097",2485000,"nhd_2260783"
"1098",2917900,NA
"1099",1018200,"nhd_13393611"
"1100",2046700,"nhd_12991121"
"1101",672000,"nhd_6842451"
"1102",2717100,NA
"1103",701900,"nhd_6842369"
"1104",591700,"nhd_6842479"
"1105",2677400,NA
"1106",2480200,NA
"1107",1611700,"nhd_13393943"
"1108",555700,"nhd_6817164"
"1109",1564600,"nhd_13395421"
"1110",1579900,"nhd_120052161"
"1111",1841500,"nhd_13080713"
"1112",462520,"nhd_6808620"
"1113",519500,"nhd_6819964"
"1114",300900,"nhd_9029843"
"1115",102900,"nhd_6864397"
"1116",104600,"nhd_6864417"
"1117",858300,"nhd_13290674"
"1118",767100,"nhd_14767828"
"1119",815200,"nhd_13294682"
"1120",336400,"nhd_9029059"
"1121",2607100,"nhd_2651308"
"1122",192500,"nhd_9029063"
"1123",183000,"nhd_9035707"
"1124",265600,"nhd_9035945"
"1125",1000700,NA
"1126",809600,"nhd_120052446"
"1127",741600,"nhd_14767942"
"1128",768600,"nhd_14767720"
"1129",740000,"nhd_14783851"
"1130",330,NA
"1131",1242400,"nhd_13634413"
"1132",746000,"nhd_120052743"
"1133",2489100,"nhd_1849731"
"1134",2044800,"nhd_13117614"
"1135",1864800,"nhd_13345440"
"1136",2962900,"nhd_11950087"
"1137",2731800,"nhd_1849655"
"1138",2964100,"nhd_11949795"
"1139",2298600,"nhd_13345524"
"1140",1857400,"nhd_13343526"
"1141",2955900,"nhd_6792583"
"1142",1981200,NA
"1143",1612900,"nhd_13393943"
"1144",1844000,"nhd_13078193"
"1145",2714700,"nhd_2264173"
"1146",2474800,"nhd_2264305"
"1147",1007500,"nhd_13394385"
"1148",986600,"nhd_13394479"
"1149",1851900,"nhd_13078327"
"1150",2685000,"nhd_2264605"
"1151",2461200,"nhd_2643712"
"1152",1985200,NA
"1153",389300,"nhd_9026391"
"1154",2103200,"nhd_13081037"
"1155",191400,"nhd_9028519"
"1156",968200,"nhd_14726180"
"1157",502300,"nhd_6819538"
"1158",384400,NA
"1159",1023000,"nhd_14726282"
"1160",704200,"nhd_14445916"
"1161",2693800,"nhd_1849721"
"1162",1626200,"nhd_13391661"
"1163",478200,"nhd_6807856"
"1164",499000,"nhd_6819686"
"1165",515100,"nhd_6819818"
"1166",2956500,"nhd_6792133"
"1167",2290500,NA
"1168",1412700,"nhd_14730272"
"1169",2773200,"nhd_1813363"
"1170",2901700,"nhd_1816107"
"1171",1837100,"nhd_13345580"
"1172",987100,"nhd_14701820"
"1173",259600,"nhd_9036035"
"1174",1378100,"nhd_14704052"
"1175",149800,"nhd_6866325"
"1176",59300,"nhd_12176188"
"1177",2470000,"nhd_1850033"
"1178",2147200,"nhd_13096318"
"1179",181500,"nhd_9032271"
"1180",1717300,"nhd_13134959"
"1181",250000,"nhd_9036185"
"1182",2307600,"nhd_13343086"
"1183",744200,"nhd_14768066"
"1184",747300,"nhd_14768084"
"1185",1377100,"nhd_120052587"
"1186",2631600,"nhd_2646330"
"1187",1378100,"nhd_14704058"
"1188",1378100,"nhd_14704058"
"1189",447000,"nhd_6808826"
"1190",296300,NA
"1191",264900,"nhd_9035945"
"1192",1322400,"nhd_14705716"
"1193",25100,"nhd_12162896"
"1194",750300,"nhd_14767930"
"1195",2271600,"nhd_167120812"
"1196",2264200,"nhd_12990939"
"1197",1592000,"nhd_13393661"
"1198",743600,"nhd_14768080"
"1199",2762700,"nhd_1797479"
"1200",2858100,"nhd_1803579"
"1201",192900,"nhd_9029683"
"1202",95700,"nhd_13062989"
"1203",1865200,"nhd_13117756"
"1204",2425700,"nhd_13117800"
"1205",2298500,"nhd_13345498"
"1206",2340900,"nhd_13343976"
"1207",2341200,"nhd_13343806"
"1208",988800,"nhd_13394503"
"1209",2373300,NA
"1210",2665900,"nhd_2267065"
"1211",1573800,"nhd_13394953"
"1212",2189200,"nhd_12980661"
"1213",2197600,"nhd_12980639"
"1214",2615900,"nhd_13105149"
"1215",2615400,"nhd_2647170"
"1216",466800,"nhd_6808090"
"1217",187700,"nhd_9029065"
"1218",2174700,"nhd_13104083"
"1219",1621000,"nhd_13391805"
"1220",1701800,"nhd_13135399"
"1221",87300,NA
"1222",742230,NA
"1223",2635900,"nhd_2643966"
"1224",2338300,"nhd_13343660"
"1225",2403200,"nhd_13119266"
"1226",418300,"nhd_6810874"
"1227",289400,"nhd_9032625"
"1228",199700,"nhd_9032807"
"1229",278800,"nhd_9032825"
"1230",192300,"nhd_9036049"
"1231",1315000,"nhd_14705926"
"1232",2397400,NA
"1233",2329400,"nhd_13343686"
"1234",293300,"nhd_9029969"
"1235",2433600,"nhd_13120904"
"1236",2740900,"nhd_2261021"
"1237",2963800,"nhd_11949795"
"1238",2881200,"nhd_1797361"
"1239",101700,"nhd_6866477"
"1240",155570,"nhd_6866417"
"1241",103600,"nhd_6866481"
"1242",38200,"nhd_12161226"
"1243",42200,"nhd_12161246"
"1244",1006500,"nhd_13631635"
"1245",2094000,"nhd_13081151"
"1246",2902900,"nhd_120052408"
"1247",2399700,"nhd_13120880"
"1248",1612500,"nhd_13393943"
"1249",2329800,NA
"1250",2472500,NA
"1251",2267100,"nhd_12987583"
"1252",2395500,"nhd_13120868"
"1253",2453500,"nhd_2266007"
"1254",2321100,"nhd_13344186"
"1255",2489000,"nhd_1852513"
"1256",2709100,"nhd_1852669"
"1257",2269900,"nhd_12988155"
"1258",1540300,"nhd_13393467"
"1259",2673200,"nhd_2265985"
"1260",2401100,"nhd_13119334"
"1261",2677700,"nhd_2266267"
"1262",972100,"nhd_13393625"
"1263",839100,"nhd_13284384"
"1264",2374600,"nhd_13121372"
"1265",1569900,"nhd_13395097"
"1266",1023100,"nhd_13395027"
"1267",581400,"nhd_6817056"
"1268",2627800,"nhd_2643994"
"1269",630100,NA
"1270",1564400,"nhd_13395391"
"1271",420400,"nhd_6808252"
"1272",740600,"nhd_14767210"
"1273",197300,"nhd_9036213"
"1274",1378100,NA
"1275",1322400,"nhd_14705708"
"1276",108000,NA
"1277",278600,"nhd_9032837"
"1278",245800,"nhd_9036267"
"1279",159900,"nhd_6866565"
"1280",107700,"nhd_6866687"
"1281",802000,NA
"1282",930700,"nhd_13411474"
"1283",200,NA
"1284",1322400,NA
"1285",1735000,"nhd_13134973"
"1286",283600,"nhd_9030051"
"1287",1713200,"nhd_13134693"
"1288",68300,"nhd_12174574"
"1289",245600,NA
"1290",58900,"nhd_12176178"
"1291",158700,"nhd_6866527"
"1292",241100,"nhd_9035993"
"1293",1391200,"nhd_14703982"
"1294",1667600,NA
"1295",60800,"nhd_12176166"
"1296",28100,"nhd_12162796"
"1297",759000,"nhd_14767918"
"1298",761700,"nhd_14767798"
"1299",879400,"nhd_13424979"
"1300",750800,"nhd_14767980"
"1301",816000,"nhd_13294688"
"1302",738400,"nhd_14783893"
"1303",2426600,"nhd_13117684"
"1304",2334900,"nhd_13343428"
"1305",1861100,"nhd_13117740"
"1306",1844100,"nhd_13345576"
"1307",1875200,"nhd_13117752"
"1308",1861100,"nhd_13117718"
"1309",1856100,"nhd_13343876"
"1310",2728400,NA
"1311",2338100,"nhd_13343684"
"1312",2435800,"nhd_13118764"
"1313",2494500,"nhd_1850109"
"1314",2334300,"nhd_13343686"
"1315",1571800,"nhd_13394765"
"1316",1885300,"nhd_13078321"
"1317",501900,"nhd_6816856"
"1318",2275100,"nhd_13349716"
"1319",1527800,"nhd_13394447"
"1320",1871900,"nhd_13078253"
"1321",1586600,"nhd_13394539"
"1322",1880200,"nhd_13078261"
"1323",755800,"nhd_14767870"
"1324",2902800,"nhd_120052408"
"1325",1871800,"nhd_13343634"
"1326",417700,"nhd_6808552"
"1327",1848100,NA
"1328",2638700,"nhd_2643810"
"1329",2204000,"nhd_12980561"
"1330",345100,"nhd_9029605"
"1331",1753500,"nhd_13132685"
"1332",1628450,"nhd_13391595"
"1333",270200,"nhd_9032697"
"1334",1712800,"nhd_13132871"
"1335",161100,"nhd_6866589"
"1336",2336700,"nhd_13343420"
"1337",2329000,"nhd_13343536"
"1338",2045600,"nhd_13345482"
"1339",2428900,"nhd_13117656"
"1340",2481600,"nhd_1850151"
"1341",1020300,"nhd_13391721"
"1342",1844700,"nhd_13344034"
"1343",2674100,"nhd_1855081"
"1344",1003000,"nhd_13391823"
"1345",2706300,"nhd_1855143"
"1346",1875300,NA
"1347",2245100,"nhd_12991513"
"1348",639800,"nhd_6840649"
"1349",439800,"nhd_6808108"
"1350",989500,NA
"1351",1467800,"nhd_14729168"
"1352",1021100,"nhd_14726396"
"1353",540600,"nhd_6820636"
"1354",2349700,"nhd_13124046"
"1355",1000100,"nhd_14729152"
"1356",1408800,"nhd_14701258"
"1357",2721600,"nhd_1850253"
"1358",2719400,"nhd_1850277"
"1359",255300,"nhd_9036051"
"1360",1030400,NA
"1361",139300,"nhd_12009942"
"1362",740800,"nhd_14767114"
"1363",838300,"nhd_13284380"
"1364",807400,NA
"1365",1609100,"nhd_13393943"
"1366",1389800,"nhd_14703994"
"1367",2272000,"nhd_12988617"
"1368",2903800,"nhd_1813379"
"1369",2759600,"nhd_1813391"
"1370",2450900,"nhd_2266645"
"1371",2657200,"nhd_2266671"
"1372",2396900,"nhd_13121022"
"1373",104800,"nhd_6864363"
"1374",1678200,"nhd_13138501"
"1375",117400,"nhd_6864403"
"1376",1593200,"nhd_13391743"
"1377",2330800,"nhd_13343914"
"1378",2436400,"nhd_13118892"
"1379",2710800,"nhd_1850235"
"1380",1592700,"nhd_13391815"
"1381",1621800,"nhd_13391805"
"1382",2434700,"nhd_120053682"
"1383",2475300,"nhd_1855123"
"1384",1847800,"nhd_13346492"
"1385",2017500,NA
"1386",2458900,"nhd_2267435"
"1387",702500,"nhd_6842347"
"1388",2169200,"nhd_13124182"
"1389",1764400,"nhd_14729246"
"1390",188700,"nhd_9026583"
"1391",494200,"nhd_6808414"
"1392",2454400,"nhd_2647286"
"1393",1854400,"nhd_13124278"
"1394",2346000,"nhd_13124166"
"1395",2499000,"nhd_2647474"
"1396",497000,"nhd_6808264"
"1397",2882200,"nhd_1797365"
"1398",2772800,"nhd_1801907"
"1399",2858000,"nhd_1803623"
"1400",2487100,"nhd_2260757"
"1401",2495300,"nhd_2260761"
"1402",2898200,"nhd_1816257"
"1403",565500,"nhd_6816892"
"1404",516800,NA
"1405",1882500,"nhd_13078533"
"1406",56600,"nhd_12175160"
"1407",2109800,"nhd_13078817"
"1408",1245800,"nhd_13634451"
"1409",647500,NA
"1410",859900,"nhd_13290632"
"1411",2217000,"nhd_12979423"
"1412",1369900,NA
"1413",1516500,NA
"1414",761100,"nhd_14767794"
"1415",2954800,"nhd_6792027"
"1416",1013500,"nhd_13393359"
"1417",2496900,"nhd_1852475"
"1418",2332000,"nhd_13346476"
"1419",2470600,"nhd_1852599"
"1420",2553000,NA
"1421",1619700,"nhd_13393429"
"1422",1592500,"nhd_13393349"
"1423",2452600,"nhd_1852579"
"1424",2266100,"nhd_12990885"
"1425",2706500,"nhd_1855289"
"1426",1839100,"nhd_13346456"
"1427",2464500,"nhd_1855171"
"1428",692700,"nhd_6842251"
"1429",1000000,"nhd_13393553"
"1430",1861300,NA
"1431",692600,"nhd_6842255"
"1432",2289000,NA
"1433",2279800,"nhd_13349370"
"1434",2475700,"nhd_1855509"
"1435",1572200,"nhd_13394953"
"1436",1571100,"nhd_13395039"
"1437",1010800,"nhd_13395103"
"1438",1859400,"nhd_12991823"
"1439",2080000,NA
"1440",997300,"nhd_14725496"
"1441",498900,"nhd_6819664"
"1442",1863000,"nhd_13124204"
"1443",2195300,"nhd_12980723"
"1444",325400,"nhd_9029771"
"1445",1670830,NA
"1446",2898500,"nhd_1816277"
"1447",2494900,"nhd_2260791"
"1448",2750200,NA
"1449",2857700,"nhd_1803771"
"1450",2954500,"nhd_6792411"
"1451",2936800,"nhd_1813875"
"1452",2734100,"nhd_1849481"
"1453",2300900,NA
"1454",2503500,"nhd_1849643"
"1455",2936200,"nhd_1813947"
"1456",824400,"nhd_13294418"
"1457",2094600,"nhd_13081183"
"1458",1760000,"nhd_13131955"
"1459",1494600,"nhd_14726654"
"1460",1220200,"nhd_13634379"
"1461",2149900,"nhd_13134581"
"1462",2744500,"nhd_2260879"
"1463",672900,"nhd_6842339"
"1464",2662400,"nhd_2266673"
"1465",246500,"nhd_9036249"
"1466",396500,"nhd_9022741"
"1467",634300,"nhd_120052171"
"1468",242800,"nhd_9033933"
"1469",2068000,"nhd_120053694"
"1470",2088000,"nhd_13081465"
"1471",804600,"nhd_120052351"
"1472",262800,"nhd_9035997"
"1473",1848900,"nhd_13346470"
"1474",2322500,"nhd_13346652"
"1475",2320800,"nhd_13344200"
"1476",2458800,"nhd_1855281"
"1477",2706800,"nhd_1855411"
"1478",2448000,"nhd_13121014"
"1479",2324000,"nhd_13346740"
"1480",702200,"nhd_6842347"
"1481",1596600,"nhd_13393521"
"1482",2458300,"nhd_2266227"
"1483",2715900,"nhd_1852695"
"1484",2450100,"nhd_2266165"
"1485",2261700,NA
"1486",1600300,"nhd_13396013"
"1487",2451200,"nhd_2266407"
"1488",2448800,"nhd_13121122"
"1489",1605600,"nhd_13394067"
"1490",617000,"nhd_6842927"
"1491",1577000,"nhd_13395305"
"1492",1833000,"nhd_13121478"
"1493",2100300,"nhd_13079093"
"1494",2620600,"nhd_2646368"
"1495",634500,NA
"1496",2368700,"nhd_13121446"
"1497",1667800,"nhd_13131937"
"1498",1763900,"nhd_13131943"
"1499",523000,"nhd_6819810"
"1500",2178400,"nhd_13104005"
"1501",2502800,"nhd_2647588"
"1502",523500,NA
"1503",2072600,"nhd_13084143"
"1504",1427400,"nhd_14730156"
"1505",1405200,"nhd_14701714"
"1506",315600,"nhd_9033815"
"1507",2205600,"nhd_12980487"
"1508",2880300,"nhd_1797377"
"1509",2860400,NA
"1510",2865000,"nhd_166766569"
"1511",2448700,"nhd_13120972"
"1512",2654500,"nhd_2266091"
"1513",1856700,"nhd_13121012"
"1514",2709400,"nhd_1852727"
"1515",677100,"nhd_6842429"
"1516",675800,"nhd_6842443"
"1517",1851400,"nhd_12991193"
"1518",2677900,"nhd_2268385"
"1519",2390500,"nhd_13121056"
"1520",2286900,"nhd_13349600"
"1521",129800,"nhd_120052443"
"1522",362500,NA
"1523",2614600,NA
"1524",2461600,"nhd_2648012"
"1525",1412200,"nhd_14731996"
"1526",1427400,"nhd_14730156"
"1527",1597600,"nhd_13394241"
"1528",1794700,NA
"1529",2756200,"nhd_1797409"
"1530",181700,"nhd_9032359"
"1531",862200,NA
"1532",2714500,"nhd_1853025"
"1533",2475100,NA
"1534",1881500,"nhd_13121180"
"1535",1980600,NA
"1536",1000700,NA
"1537",1252300,NA
"1538",340,NA
"1539",77600,"nhd_12174538"
"1540",22100,"nhd_12162904"
"1541",2485700,"nhd_2644204"
"1542",990100,"nhd_13395353"
"1543",200100,"nhd_166766632"
"1544",1179400,"nhd_13394407"
"1545",2394100,"nhd_13121246"
"1546",2277200,"nhd_13349608"
"1547",2459100,"nhd_2266625"
"1548",503300,"nhd_6816830"
"1549",399200,"nhd_9028145"
"1550",995300,"nhd_13398997"
"1551",1558400,"nhd_13399225"
"1552",2629300,"nhd_2646510"
"1553",1451700,"nhd_14726286"
"1554",545400,"nhd_6819514"
"1555",388500,"nhd_9026429"
"1556",373500,"nhd_9026471"
"1557",398600,"nhd_9028505"
"1558",455400,"nhd_6808742"
"1559",2174700,"nhd_13104083"
"1560",1177600,"nhd_14701794"
"1561",240800,"nhd_9029911"
"1562",2917200,"nhd_1813681"
"1563",2750200,NA
"1564",2770700,"nhd_1816203"
"1565",2762000,"nhd_1816211"
"1566",2949200,"nhd_1813727"
"1567",1831700,"nhd_13343204"
"1568",2302300,"nhd_13345384"
"1569",2484600,"nhd_1849489"
"1570",2953800,"nhd_6792319"
"1571",2306300,"nhd_13345378"
"1572",2958500,"nhd_6791805"
"1573",2468000,"nhd_1849635"
"1574",2489300,"nhd_1816669"
"1575",2599800,"nhd_2261019"
"1576",2460000,"nhd_1849601"
"1577",2497000,"nhd_1849917"
"1578",2426400,"nhd_13117734"
"1579",1837700,"nhd_13117674"
"1580",1630100,"nhd_13391477"
"1581",996100,"nhd_13394369"
"1582",591800,"nhd_6842593"
"1583",1852500,"nhd_13078113"
"1584",1877000,"nhd_13078251"
"1585",587900,"nhd_6847713"
"1586",540600,"nhd_6820636"
"1587",1878200,"nhd_13124004"
"1588",2619100,"nhd_2646734"
"1589",1005900,NA
"1590",1855100,"nhd_13104079"
"1591",443500,"nhd_120052162"
"1592",995200,"nhd_13343992"
"1593",2670600,"nhd_120053127"
"1594",591300,"nhd_14443274"
"1595",2321400,"nhd_13344050"
"1596",2433100,"nhd_13118880"
"1597",2493700,"nhd_2265933"
"1598",2724900,"nhd_1852547"
"1599",1009900,"nhd_13393383"
"1600",2674500,NA
"1601",2485400,"nhd_1855239"
"1602",1840800,"nhd_13120918"
"1603",2433800,"nhd_13120876"
"1604",1523500,"nhd_13394761"
"1605",2378200,"nhd_13121376"
"1606",1572300,"nhd_13394953"
"1607",1858100,"nhd_13078895"
"1608",1377100,"nhd_120052587"
"1609",1009500,"nhd_14726374"
"1610",1443900,NA
"1611",2201400,NA
"1612",1466600,"nhd_14729148"
"1613",417900,"nhd_6808210"
"1614",2352500,"nhd_13124180"
"1615",2489800,"nhd_2647462"
"1616",533300,"nhd_6819638"
"1617",1018300,"nhd_13390399"
"1618",1516400,"nhd_13395257"
"1619",2150200,"nhd_13105805"
"1620",279300,"nhd_9032773"
"1621",499200,"nhd_6842851"
"1622",1000800,"nhd_14704072"
"1623",184100,"nhd_9036069"
"1624",106500,"nhd_6866503"
"1625",38500,NA
"1626",42800,"nhd_12161136"
"1627",168300,"nhd_6866533"
"1628",102000,"nhd_6866539"
"1629",448200,NA
"1630",742250,"nhd_14767604"
"1631",2459400,"nhd_1849821"
"1632",2490500,"nhd_2644256"
"1633",702400,"nhd_6842347"
"1634",2754400,"nhd_1797457"
"1635",2771200,"nhd_1816095"
"1636",2894200,"nhd_1813495"
"1637",2832400,"nhd_1797511"
"1638",1013200,"nhd_13393667"
"1639",2655300,"nhd_2266531"
"1640",2466400,"nhd_2264051"
"1641",2466400,"nhd_2264061"
"1642",186400,"nhd_9036139"
"1643",189600,"nhd_9036197"
"1644",248300,"nhd_9036241"
"1645",102600,"nhd_6866511"
"1646",8000,"nhd_12161256"
"1647",2306200,"nhd_13345290"
"1648",778400,"nhd_13290834"
"1649",2489700,"nhd_2647974"
"1650",2755200,"nhd_1813407"
"1651",2638400,"nhd_2643856"
"1652",2390800,"nhd_13120978"
"1653",2643500,"nhd_13080361"
"1654",2332700,"nhd_13344132"
"1655",1516500,"nhd_13395257"
"1656",1516500,NA
"1657",2152600,NA
"1658",2287200,NA
"1659",2882300,"nhd_1797367"
"1660",2775700,"nhd_1797469"
"1661",2764000,"nhd_1797399"
"1662",2762400,"nhd_1816073"
"1663",2415300,NA
"1664",679900,"nhd_6842313"
"1665",2268100,"nhd_12991093"
"1666",1603800,"nhd_13393737"
"1667",1022900,"nhd_13393567"
"1668",968800,"nhd_13393597"
"1669",2675200,"nhd_2266141"
"1670",14400,"nhd_12162314"
"1671",2742500,"nhd_2260921"
"1672",1590000,"nhd_13394109"
"1673",1013000,"nhd_13395181"
"1674",635100,"nhd_6840783"
"1675",1835100,"nhd_13079049"
"1676",2450800,"nhd_2267437"
"1677",1176700,"nhd_13395267"
"1678",2627400,"nhd_2644214"
"1679",2230100,"nhd_13350068"
"1680",2081200,"nhd_13080711"
"1681",2623600,NA
"1682",525900,"nhd_6818344"
"1683",427900,"nhd_6808430"
"1684",533600,"nhd_6819690"
"1685",894700,"nhd_13409672"
"1686",2143900,"nhd_13096378"
"1687",1403200,NA
"1688",1396900,NA
"1689",1727200,"nhd_13134733"
"1690",82900,"nhd_12172926"
"1691",1711500,"nhd_13134701"
"1692",273800,"nhd_9035767"
"1693",1490300,"nhd_14726148"
"1694",2633700,"nhd_2646850"
"1695",417300,"nhd_9026497"
"1696",474900,"nhd_6808028"
"1697",161900,"nhd_120052444"
"1698",1280400,"nhd_13652598"
"1699",30300,"nhd_12160852"
"1700",827500,"nhd_13290922"
"1701",9700,NA
"1702",1717100,NA
"1703",1701400,"nhd_13135345"
"1704",84600,"nhd_12172970"
"1705",2630200,"nhd_2646522"
"1706",1649300,"nhd_2453852"
"1707",1660800,NA
"1708",2680300,NA
"1709",1587400,"nhd_13394451"
"1710",1543900,"nhd_13394077"
"1711",971600,"nhd_13394347"
"1712",2243800,"nhd_12991565"
"1713",741800,"nhd_14767814"
"1714",1694700,NA
"1715",196900,NA
"1716",101300,"nhd_6864295"
"1717",58000,"nhd_12175102"
"1718",64200,"nhd_12175128"
"1719",1649400,"nhd_2453854"
"1720",37800,"nhd_12161196"
"1721",11900,"nhd_12161254"
"1722",1285800,"nhd_13652618"
"1723",46800,"nhd_12177356"
"1724",1269100,"nhd_13630663"
"1725",1849500,"nhd_13345560"
"1726",10500,NA
"1727",826300,"nhd_13294408"
"1728",2749700,NA
"1729",2898400,"nhd_1816233"
"1730",2492900,"nhd_2260857"
"1731",2465700,"nhd_2260763"
"1732",2472900,"nhd_1849453"
"1733",2687500,"nhd_2262233"
"1734",2309000,"nhd_13343264"
"1735",2328700,"nhd_13343310"
"1736",2729800,"nhd_1849549"
"1737",677400,"nhd_6842491"
"1738",1589300,"nhd_13394023"
"1739",679300,"nhd_6842481"
"1740",592200,"nhd_6842455"
"1741",2655900,"nhd_2266585"
"1742",1595600,"nhd_13394311"
"1743",2109300,"nhd_13078057"
"1744",1845400,"nhd_12991405"
"1745",46600,NA
"1746",1306000,"nhd_14710186"
"1747",2246600,"nhd_12991327"
"1748",1807570,NA
"1749",105800,"nhd_6864321"
"1750",182100,"nhd_9036217"
"1751",248300,NA
"1752",763600,"nhd_14767802"
"1753",294900,"nhd_9029937"
"1754",147600,NA
"1755",2327300,"nhd_13343586"
"1756",2335300,"nhd_13343360"
"1757",1886700,NA
"1758",2488700,"nhd_1849837"
"1759",1000400,"nhd_13391741"
"1760",1884200,"nhd_13343800"
"1761",1865400,"nhd_13078677"
"1762",1178600,"nhd_13394895"
"1763",1017800,"nhd_13394893"
"1764",1518800,NA
"1765",1880600,"nhd_13080527"
"1766",114400,NA
"1767",36700,"nhd_12162786"
"1768",1559200,"nhd_13395457"
"1769",2218800,"nhd_12979627"
"1770",2090900,"nhd_13081105"
"1771",1010600,"nhd_13399145"
"1772",190500,"nhd_9026419"
"1773",549400,"nhd_6819390"
"1774",2206200,NA
"1775",1332700,"nhd_14705834"
"1776",155300,"nhd_6866469"
"1777",504700,NA
"1778",180000,"nhd_6866709"
"1779",2934800,"nhd_1813791"
"1780",2429000,"nhd_13117606"
"1781",2936400,NA
"1782",1872400,"nhd_13118686"
"1783",2454700,NA
"1784",2704200,"nhd_1849955"
"1785",1842900,"nhd_13345650"
"1786",2340500,"nhd_13343968"
"1787",1623800,"nhd_13391717"
"1788",2497400,"nhd_1849997"
"1789",2237500,"nhd_12991541"
"1790",1177400,"nhd_13394535"
"1791",1985100,NA
"1792",1986000,NA
"1793",2463100,"nhd_2266809"
"1794",2482400,"nhd_2264719"
"1795",2239100,"nhd_12991573"
"1796",2935700,"nhd_1813715"
"1797",2755800,"nhd_1816159"
"1798",2900500,"nhd_1816161"
"1799",2462400,"nhd_2260825"
"1800",2755400,"nhd_1816195"
"1801",2915800,"nhd_1813635"
"1802",2931100,"nhd_1813675"
"1803",2962400,"nhd_11950001"
"1804",2953500,"nhd_6792409"
"1805",2730400,"nhd_1849497"
"1806",2768100,"nhd_6792189"
"1807",2299300,"nhd_13345370"
"1808",2953400,"nhd_6792393"
"1809",2607400,"nhd_2648062"
"1810",287200,"nhd_9032673"
"1811",299300,"nhd_9029899"
"1812",296100,"nhd_9029981"
"1813",195900,"nhd_9036011"
"1814",777500,"nhd_13294814"
"1815",740400,"nhd_14767842"
"1816",795100,"nhd_13294824"
"1817",774400,"nhd_13290844"
"1818",734700,"nhd_120052445"
"1819",1542400,"nhd_13393881"
"1820",1597800,"nhd_13394203"
"1821",1389800,"nhd_14703994"
"1822",1820900,"nhd_2113606"
"1823",609400,NA
"1824",2389400,"nhd_13078161"
"1825",2675700,"nhd_2266323"
"1826",1596300,"nhd_13393637"
"1827",2692900,"nhd_1849725"
"1828",2708800,NA
"1829",2488600,"nhd_1849735"
"1830",2471700,"nhd_2262723"
"1831",2420600,"nhd_167800984"
"1832",1013800,"nhd_13391819"
"1833",2332400,"nhd_13344056"
"1834",1619100,"nhd_13393453"
"1835",1861700,"nhd_13344264"
"1836",2495400,"nhd_2644116"
"1837",588200,"nhd_6842807"
"1838",633800,"nhd_6842767"
"1839",1833200,"nhd_13078909"
"1840",983500,"nhd_13395229"
"1841",168800,"nhd_6866495"
"1842",178000,"nhd_6866493"
"1843",46000,"nhd_12175156"
"1844",167000,"nhd_6866397"
"1845",164300,"nhd_6866461"
"1846",53300,NA
"1847",35730,NA
"1848",1591100,"nhd_13393595"
"1849",1532100,NA
"1850",1832800,"nhd_13081355"
"1851",322500,NA
"1852",2081200,"nhd_120053125"
"1853",1704100,"nhd_13135395"
"1854",2160700,"nhd_13102555"
"1855",2350200,"nhd_13124042"
"1856",2395600,"nhd_13118872"
"1857",743800,"nhd_14768090"
"1858",2696300,"nhd_1849991"
"1859",2470000,"nhd_1850039"
"1860",2751000,"nhd_2260877"
"1861",2740300,"nhd_2260997"
"1862",2656200,"nhd_2266571"
"1863",426700,NA
"1864",1727700,"nhd_13134705"
"1865",2661100,"nhd_2267269"
"1866",1642700,NA
"1867",830300,"nhd_13282704"
"1868",11700,NA
"1869",827300,"nhd_13290938"
"1870",9400,NA
"1871",778300,"nhd_13290992"
"1872",826800,"nhd_13290978"
"1873",1760300,"nhd_13131973"
"1874",1718500,"nhd_13135145"
"1875",1667700,"nhd_13135397"
"1876",68600,"nhd_12174532"
"1877",2758500,"nhd_1816221"
"1878",2772200,"nhd_1816231"
"1879",2908500,"nhd_1813543"
"1880",2468800,"nhd_2260869"
"1881",2841200,"nhd_1803831"
"1882",2935800,"nhd_1813711"
"1883",2743500,"nhd_2260889"
"1884",2755100,"nhd_1813573"
"1885",2754200,"nhd_1816209"
"1886",2938000,"nhd_1813737"
"1887",2309100,"nhd_13343240"
"1888",2730800,"nhd_1849621"
"1889",2268500,"nhd_12991001"
"1890",2283300,"nhd_13349262"
"1891",986000,"nhd_13393937"
"1892",1541100,"nhd_13393793"
"1893",1610400,"nhd_13393943"
"1894",2714200,"nhd_1853005"
"1895",1537800,"nhd_13393805"
"1896",2679200,NA
"1897",2282000,"nhd_12991333"
"1898",2664900,"nhd_2266741"
"1899",1854000,"nhd_13349592"
"1900",1612200,"nhd_13393943"
"1901",2046900,"nhd_13078207"
"1902",979100,"nhd_13395351"
"1903",378900,"nhd_9026369"
"1904",1557000,"nhd_13399183"
"1905",182900,"nhd_9026323"
"1906",499800,"nhd_6819368"
"1907",548700,"nhd_6819364"
"1908",2630100,"nhd_2646504"
"1909",2628600,"nhd_2646514"
"1910",990000,"nhd_14726152"
"1911",2139000,"nhd_13096412"
"1912",589400,"nhd_6842589"
"1913",265700,"nhd_9035945"
"1914",1352000,"nhd_14708476"
"1915",980900,"nhd_13653704"
"1916",479700,"nhd_6807812"
"1917",2478500,NA
"1918",491800,"nhd_6808572"
"1919",163970,"nhd_6866471"
"1920",2133200,"nhd_13097728"
"1921",149000,"nhd_6864431"
"1922",180300,"nhd_6866681"
"1923",857900,NA
"1924",2298800,"nhd_13345534"
"1925",2402100,"nhd_13119284"
"1926",1014000,"nhd_13393489"
"1927",741400,"nhd_14767826"
"1928",1707400,"nhd_13135239"
"1929",257300,NA
"1930",81200,"nhd_12174626"
"1931",742800,"nhd_120052610"
"1932",2945500,"nhd_1813717"
"1933",2494400,"nhd_1849685"
"1934",2492100,"nhd_1849757"
"1935",2406700,"nhd_13117692"
"1936",2458100,"nhd_1849767"
"1937",2766200,"nhd_11950551"
"1938",2334700,"nhd_13343454"
"1939",2328900,"nhd_13343614"
"1940",2702100,"nhd_1849851"
"1941",2325200,"nhd_13343562"
"1942",2453400,"nhd_2266639"
"1943",2457600,"nhd_2266707"
"1944",1001400,"nhd_13394377"
"1945",1883900,"nhd_13078189"
"1946",2242500,"nhd_12991467"
"1947",2492600,"nhd_2264797"
"1948",588100,"nhd_6842625"
"1949",1833300,"nhd_13078553"
"1950",1864600,"nhd_13078281"
"1951",1595300,"nhd_13393923"
"1952",2640500,"nhd_2643924"
"1953",1609900,"nhd_13394351"
"1954",1613000,"nhd_13394529"
"1955",2107100,"nhd_13078143"
"1956",2350600,"nhd_13124042"
"1957",2135600,"nhd_13097820"
"1958",1827300,"nhd_2113602"
"1959",732600,"nhd_13107553"
"1960",254900,"nhd_9036059"
"1961",470600,"nhd_6808078"
"1962",2616400,"nhd_2647022"
"1963",1487800,"nhd_14726412"
"1964",1486100,NA
"1965",466900,"nhd_6808090"
"1966",2497700,"nhd_2647186"
"1967",2624800,NA
"1968",1887500,"nhd_13124244"
"1969",2092700,"nhd_13124140"
"1970",978900,"nhd_13631631"
"1971",1219400,"nhd_13634387"
"1972",732600,"nhd_13107561"
"1973",2503400,"nhd_2646672"
"1974",2491000,"nhd_2646776"
"1975",2096700,NA
"1976",423700,"nhd_6808006"
"1977",1000900,"nhd_14726532"
"1978",2606300,"nhd_2648046"
"1979",184000,"nhd_9026743"
"1980",310500,"nhd_9032319"
"1981",838100,NA
"1982",264300,NA
"1983",195000,"nhd_9035959"
"1984",1322400,NA
"1985",35720,NA
"1986",2094100,"nhd_13081151"
"1987",1007200,"nhd_14726628"
"1988",1015200,"nhd_14726628"
"1989",500200,"nhd_6819698"
"1990",426400,"nhd_6808540"
"1991",1445100,"nhd_14726372"
"1992",2290100,NA
"1993",77300,"nhd_12174544"
"1994",728100,"nhd_13334984"
"1995",3000089,"nhd_13293280"
"1996",2743200,"nhd_2260893"
"1997",650200,NA
"1998",2496300,"nhd_2264553"
"1999",158700,"nhd_6866527"
"2000",2312100,"nhd_13343100"
"2001",1855900,"nhd_13343840"
"2002",1867000,"nhd_13345688"
"2003",2563000,NA
"2004",2395900,"nhd_13118910"
"2005",2435000,"nhd_13118836"
"2006",2014700,NA
"2007",1523000,"nhd_13394799"
"2008",1567325,NA
"2009",619800,"nhd_6842797"
"2010",2239400,"nhd_12991677"
"2011",2079400,"nhd_2646940"
"2012",2465800,"nhd_2646756"
"2013",2616000,"nhd_13105149"
"2014",419600,NA
"2015",2621900,"nhd_2647180"
"2016",2747300,"nhd_2260767"
"2017",2693100,"nhd_1849725"
"2018",1753500,"nhd_13134099"
"2019",97700,"nhd_13062917"
"2020",2237300,"nhd_12991861"
"2021",1191600,"nhd_13623747"
"2022",1658500,NA
"2023",849400,"nhd_13290870"
"2024",850800,"nhd_13290790"
"2025",775900,"nhd_13291006"
"2026",780650,NA
"2027",464700,"nhd_6808156"
"2028",530500,"nhd_6818330"
"2029",2500500,"nhd_2647214"
"2030",1389800,"nhd_14703994"
"2031",852400,"nhd_13290766"
"2032",146500,"nhd_6864861"
"2033",1652200,NA
"2034",835100,"nhd_13282364"
"2035",3000627,NA
"2036",702600,"nhd_6842347"
"2037",702700,"nhd_6842347"
"2038",2228700,"nhd_13352060"
"2039",1283700,"nhd_13652630"
"2040",849600,"nhd_13290898"
"2041",2942300,"nhd_1813525"
"2042",2876600,"nhd_1797555"
"2043",2761800,"nhd_1797437"
"2044",2876000,"nhd_1797473"
"2045",2775200,NA
"2046",1847500,"nhd_13346494"
"2047",2466500,"nhd_1855179"
"2048",1866100,"nhd_13344248"
"2049",2323800,"nhd_13346888"
"2050",2484400,"nhd_2266191"
"2051",1021800,"nhd_13393823"
"2052",1603400,"nhd_13396013"
"2053",1599800,"nhd_13393717"
"2054",1019500,"nhd_13395195"
"2055",1583500,"nhd_13395075"
"2056",117800,"nhd_12004517"
"2057",94200,"nhd_13063029"
"2058",94300,"nhd_13063031"
"2059",327800,"nhd_9029725"
"2060",1412200,"nhd_14731992"
"2061",189800,"nhd_9035735"
"2062",198800,"nhd_9035757"
"2063",1694200,NA
"2064",152200,"nhd_6864339"
"2065",1374800,"nhd_14704116"
"2066",1342100,"nhd_14710140"
"2067",827100,"nhd_13290958"
"2068",762900,NA
"2069",2479900,"nhd_2647250"
"2070",365500,"nhd_9026649"
"2071",1757200,"nhd_13132031"
"2072",64000,"nhd_12175084"
"2073",420600,"nhd_6810930"
"2074",279700,"nhd_9033701"
"2075",105200,"nhd_6864391"
"2076",1694700,NA
"2077",2173900,"nhd_13104105"
"2078",2703500,"nhd_1849941"
"2079",2477300,"nhd_2264815"
"2080",27500,"nhd_12162780"
"2081",843400,"nhd_13284124"
"2082",370,NA
"2083",740900,"nhd_14768052"
"2084",590900,NA
"2085",471200,"nhd_6808112"
"2086",2499900,"nhd_2646996"
"2087",465000,"nhd_6808064"
"2088",376900,"nhd_9026405"
"2089",1502400,NA
"2090",751400,"nhd_14767934"
"2091",1389800,"nhd_14703994"
"2092",1389800,"nhd_14703994"
"2093",45000,NA
"2094",2265100,"nhd_12987607"
"2095",479300,"nhd_6807740"
"2096",1544800,"nhd_13393821"
"2097",45200,"nhd_12176206"
"2098",2435900,"nhd_13118764"
"2099",2295200,"nhd_13345596"
"2100",2692200,"nhd_1850115"
"2101",1845600,"nhd_13343842"
"2102",2671400,"nhd_2262761"
"2103",1846700,"nhd_13344102"
"2104",2671100,"nhd_2265923"
"2105",2330300,"nhd_13344044"
"2106",2297800,"nhd_13345714"
"2107",2236800,"nhd_12991607"
"2108",985300,"nhd_13394965"
"2109",406900,"nhd_9022639"
"2110",2461300,"nhd_2267057"
"2111",975000,"nhd_13395043"
"2112",735100,"nhd_14783909"
"2113",2343200,"nhd_13343602"
"2114",467100,"nhd_6808088"
"2115",540600,"nhd_6820636"
"2116",2194600,"nhd_12980673"
"2117",486300,"nhd_6808368"
"2118",423400,NA
"2119",304600,NA
"2120",302300,"nhd_9029775"
"2121",1852000,"nhd_13120930"
"2122",794000,NA
"2123",350,NA
"2124",1396200,NA
"2125",766000,"nhd_14767736"
"2126",2941100,"nhd_1812717"
"2127",1030260,NA
"2128",1445400,"nhd_14726352"
"2129",724100,NA
"2130",1396900,NA
"2131",2725500,"nhd_1850255"
"2132",2712000,"nhd_1852673"
"2133",270700,NA
"2134",2288900,NA
"2135",270700,NA
"2136",2417000,"nhd_13118762"
"2137",2419000,"nhd_13118798"
"2138",2485900,"nhd_1850095"
"2139",2494700,"nhd_1851821"
"2140",2726100,"nhd_1850093"
"2141",1847900,"nhd_13118848"
"2142",1602600,"nhd_167120869"
"2143",2418600,"nhd_13118762"
"2144",1850200,"nhd_13117846"
"2145",995900,"nhd_13344082"
"2146",2121000,"nhd_13105843"
"2147",2664100,NA
"2148",2640100,"nhd_2643848"
"2149",2240000,"nhd_12991623"
"2150",1840100,"nhd_13078917"
"2151",2353600,"nhd_13124084"
"2152",328100,NA
"2153",717400,"nhd_120052561"
"2154",297100,"nhd_9029955"
"2155",1403200,"nhd_120052583"
"2156",182300,"nhd_9036103"
"2157",1378100,NA
"2158",470900,"nhd_6808092"
"2159",427300,"nhd_6808302"
"2160",139500,"nhd_12161112"
"2161",102800,"nhd_6866499"
"2162",8900,"nhd_12161210"
"2163",855200,"nhd_13290696"
"2164",981200,"nhd_13394213"
"2165",2243200,"nhd_12991379"
"2166",1982700,NA
"2167",278100,"nhd_9035705"
"2168",187500,NA
"2169",193100,"nhd_9033695"
"2170",276700,"nhd_9035819"
"2171",2079000,"nhd_13083967"
"2172",2157900,"nhd_13104085"
"2173",1506800,"nhd_13399099"
"2174",2608800,"nhd_2647680"
"2175",2399700,"nhd_13120880"
"2176",2761000,"nhd_1797379"
"2177",2673000,"nhd_2265943"
"2178",2270000,"nhd_12988029"
"2179",2471600,"nhd_2266053"
"2180",2459200,"nhd_2265995"
"2181",1862100,"nhd_13346458"
"2182",2395100,"nhd_13120882"
"2183",683000,"nhd_6842261"
"2184",1005800,"nhd_13393705"
"2185",1539700,"nhd_13393651"
"2186",1600100,"nhd_13396007"
"2187",2461100,"nhd_2266211"
"2188",2402200,"nhd_13119344"
"2189",2257600,"nhd_12991087"
"2190",1606700,"nhd_6842307"
"2191",837300,"nhd_13282518"
"2192",994700,"nhd_13395467"
"2193",1516800,"nhd_13395257"
"2194",2103900,"nhd_120053665"
"2195",2628100,"nhd_2644120"
"2196",377900,"nhd_9026377"
"2197",2094300,"nhd_13081151"
"2198",1396200,NA
"2199",1717300,"nhd_13134961"
"2200",2763600,NA
"2201",2676800,"nhd_2266515"
"2202",2389700,NA
"2203",2399700,"nhd_13120880"
"2204",1866600,"nhd_13079077"
"2205",1378100,"nhd_14704070"
"2206",1377900,"nhd_14704066"
"2207",755600,"nhd_14767870"
"2208",1528700,"nhd_13394327"
"2209",395900,"nhd_9026345"
"2210",389700,"nhd_9026347"
"2211",1580300,"nhd_13394777"
"2212",265300,"nhd_9035945"
"2213",1529500,"nhd_167120871"
"2214",2100800,"nhd_13080609"
"2215",2352200,"nhd_13124170"
"2216",139900,"nhd_6863055"
"2217",262300,"nhd_9035981"
"2218",774500,NA
"2219",2761100,NA
"2220",2916700,"nhd_1813621"
"2221",1873600,"nhd_13119484"
"2222",1599900,"nhd_13396007"
"2223",2476000,"nhd_1855125"
"2224",2708800,NA
"2225",1872500,"nhd_12990893"
"2226",2486100,"nhd_1855117"
"2227",2467700,"nhd_2265973"
"2228",2269600,"nhd_12990895"
"2229",2654500,"nhd_2266091"
"2230",1018500,"nhd_13393613"
"2231",2710300,"nhd_1852803"
"2232",1867100,"nhd_13078883"
"2233",574100,NA
"2234",1878400,"nhd_13078905"
"2235",1517900,"nhd_13395123"
"2236",2470100,"nhd_2644172"
"2237",1859600,"nhd_13121000"
"2238",1881100,"nhd_13078961"
"2239",2099900,"nhd_13079009"
"2240",2623500,"nhd_2647196"
"2241",440100,"nhd_6808490"
"2242",495300,NA
"2243",865000,NA
"2244",1295400,"nhd_14708596"
"2245",555200,"nhd_6817100"
"2246",256100,"nhd_9036121"
"2247",1378100,NA
"2248",242800,"nhd_9033933"
"2249",152700,"nhd_6864353"
"2250",244800,"nhd_120052173"
"2251",168400,"nhd_6866541"
"2252",175700,NA
"2253",2059800,"nhd_13107515"
"2254",775800,"nhd_13290902"
"2255",2903700,"nhd_1813379"
"2256",2903400,"nhd_1813401"
"2257",1595800,"nhd_13394073"
"2258",2329600,"nhd_13343802"
"2259",2321600,"nhd_13343896"
"2260",1019800,"nhd_13344152"
"2261",2106800,"nhd_13078143"
"2262",2454800,"nhd_2260751"
"2263",2922200,"nhd_1813739"
"2264",2469100,"nhd_2260785"
"2265",2470300,"nhd_2260905"
"2266",1536300,"nhd_13393787"
"2267",585700,"nhd_6842483"
"2268",588000,"nhd_6842413"
"2269",1606200,NA
"2270",1614100,"nhd_13394431"
"2271",2681600,"nhd_2264157"
"2272",1843100,"nhd_12991419"
"2273",1979200,NA
"2274",2109100,"nhd_13078059"
"2275",2656400,"nhd_2266689"
"2276",587000,"nhd_6842561"
"2277",586100,"nhd_6842525"
"2278",776800,NA
"2279",969600,"nhd_13399231"
"2280",376600,"nhd_9026413"
"2281",1001000,"nhd_13399231"
"2282",184200,"nhd_9026483"
"2283",2163800,"nhd_13132003"
"2284",2157000,"nhd_13102805"
"2285",1402300,"nhd_14703904"
"2286",1506800,"nhd_13400013"
"2287",87900,"nhd_12172978"
"2288",2915900,"nhd_1813645"
"2289",2904900,"nhd_1816137"
"2290",2762100,"nhd_1816365"
"2291",2733600,"nhd_1849433"
"2292",2749000,NA
"2293",2744700,"nhd_2260957"
"2294",2589000,NA
"2295",2899700,"nhd_1816443"
"2296",1857300,"nhd_12990999"
"2297",276900,NA
"2298",2598500,"nhd_2644186"
"2299",1517200,"nhd_13395309"
"2300",2368500,"nhd_13121450"
"2301",1407000,"nhd_14701606"
"2302",301600,"nhd_9029843"
"2303",1412200,"nhd_14730216"
"2304",2088000,"nhd_13081465"
"2305",2450500,"nhd_2647860"
"2306",523100,"nhd_6819806"
"2307",149800,"nhd_6866325"
"2308",1659900,"nhd_2453860"
"2309",1352000,"nhd_14708474"
"2310",1660400,"nhd_2453844"
"2311",1296000,"nhd_14708604"
"2312",742215,NA
"2313",16600,NA
"2314",742240,NA
"2315",774200,"nhd_13282768"
"2316",777000,"nhd_120052353"
"2317",752300,"nhd_14767914"
"2318",967900,"nhd_13393757"
"2319",2261700,NA
"2320",1835600,"nhd_13119392"
"2321",1852300,"nhd_13121138"
"2322",1605200,"nhd_13393859"
"2323",1003100,"nhd_13393893"
"2324",1605800,"nhd_13393947"
"2325",1833900,"nhd_12991207"
"2326",2381800,"nhd_13119526"
"2327",2394600,"nhd_13121124"
"2328",2463500,"nhd_120052453"
"2329",1589600,"nhd_13393993"
"2330",2467900,"nhd_1849485"
"2331",2897100,"nhd_1816601"
"2332",1575100,"nhd_13394495"
"2333",1660100,NA
"2334",2750200,NA
"2335",746300,"nhd_14768118"
"2336",247700,"nhd_9036199"
"2337",2359700,"nhd_13123946"
"2338",2430500,"nhd_13117586"
"2339",1842500,"nhd_13345500"
"2340",2469300,"nhd_13118672"
"2341",2344000,"nhd_13343496"
"2342",2420400,"nhd_13118680"
"2343",2420000,"nhd_13118724"
"2344",2466300,"nhd_2266837"
"2345",2249000,"nhd_12991515"
"2346",1843900,NA
"2347",1834000,"nhd_13078295"
"2348",1580500,"nhd_13394945"
"2349",1522900,"nhd_13394819"
"2350",1021600,NA
"2351",421200,"nhd_9026501"
"2352",2204100,"nhd_12980565"
"2353",181400,"nhd_9026447"
"2354",2623900,"nhd_2646976"
"2355",1010200,"nhd_14726600"
"2356",2475900,"nhd_1850091"
"2357",2404800,"nhd_13117896"
"2358",2460700,"nhd_2262653"
"2359",2764400,"nhd_11950635"
"2360",1411100,NA
"2361",2666400,"nhd_2266993"
"2362",173300,"nhd_6866623"
"2363",2757000,"nhd_1816205"
"2364",2909000,"nhd_1813535"
"2365",2498000,"nhd_2261049"
"2366",2734200,"nhd_1849501"
"2367",2473500,"nhd_1849523"
"2368",2693700,"nhd_1849747"
"2369",2691800,"nhd_1849951"
"2370",2762200,"nhd_11950445"
"2371",1838800,"nhd_13118702"
"2372",2410400,"nhd_13117608"
"2373",1630700,"nhd_13391483"
"2374",1614300,"nhd_13394371"
"2375",2235200,"nhd_12991453"
"2376",1871300,"nhd_2264299"
"2377",1864200,"nhd_13078173"
"2378",1984700,NA
"2379",2638100,"nhd_2643740"
"2380",1504600,"nhd_14726142"
"2381",2634200,"nhd_2646722"
"2382",2771500,NA
"2383",2901600,"nhd_1816107"
"2384",2871400,NA
"2385",2766900,NA
"2386",2452400,"nhd_2260855"
"2387",2896900,NA
"2388",2489400,"nhd_2260841"
"2389",2856400,"nhd_1801977"
"2390",2473300,"nhd_2260773"
"2391",1541300,"nhd_13393743"
"2392",1604200,"nhd_13393673"
"2393",1596900,"nhd_13393999"
"2394",2678300,"nhd_2266291"
"2395",1538900,"nhd_13393941"
"2396",1598000,"nhd_13394145"
"2397",2382300,"nhd_13119530"
"2398",1009400,"nhd_13394051"
"2399",1609000,"nhd_13393943"
"2400",1597000,"nhd_13394099"
"2401",1842300,"nhd_13078899"
"2402",1882000,"nhd_13078859"
"2403",1861600,"nhd_13079051"
"2404",2661600,"nhd_2267407"
"2405",556900,"nhd_6817138"
"2406",2607600,"nhd_13105365"
"2407",1005400,"nhd_14701662"
"2408",742220,NA
"2409",1727000,"nhd_13134751"
"2410",158600,"nhd_6864379"
"2411",854900,"nhd_13290734"
"2412",819800,"nhd_13294594"
"2413",813100,"nhd_13294420"
"2414",63700,NA
"2415",1663900,NA
"2416",104700,"nhd_6866319"
"2417",157300,"nhd_6866333"
"2418",2761400,"nhd_1816307"
"2419",1000700,"nhd_14708626"
"2420",1983100,"nhd_13078131"
"2421",1610500,"nhd_13393943"
"2422",2282200,"nhd_12991361"
"2423",2234900,"nhd_12991473"
"2424",2229200,"nhd_13350068"
"2425",392100,"nhd_9028163"
"2426",614200,"nhd_6847683"
"2427",106900,"nhd_6866301"
"2428",1718500,"nhd_13135129"
"2429",2734000,"nhd_1849431"
"2430",2734900,"nhd_1849459"
"2431",2303200,"nhd_13345306"
"2432",2953000,"nhd_6792053"
"2433",2493900,"nhd_2261041"
"2434",2959300,"nhd_6792259"
"2435",2477700,"nhd_120053116"
"2436",2477000,"nhd_2262505"
"2437",1611800,"nhd_13393943"
"2438",1542700,"nhd_13394077"
"2439",1526600,"nhd_13394623"
"2440",501200,"nhd_6816842"
"2441",264500,"nhd_9035977"
"2442",45100,"nhd_12175132"
"2443",151500,NA
"2444",108200,"nhd_6866369"
"2445",776600,"nhd_13291054"
"2446",802600,"nhd_13296360"
"2447",10000,NA
"2448",189400,"nhd_9029589"
"2449",36200,"nhd_12162886"
"2450",827000,"nhd_13290984"
"2451",762700,"nhd_14767666"
"2452",821000,"nhd_13294568"
"2453",741200,NA
"2454",753800,"nhd_14767816"
"2455",740700,"nhd_14767894"
"2456",761300,"nhd_14767756"
"2457",775000,"nhd_13294738"
"2458",265000,"nhd_9035945"
"2459",737900,"nhd_14783883"
"2460",746500,"nhd_120052612"
"2461",2763300,"nhd_13343040"
"2462",894900,"nhd_13409672"
"2463",2316600,"nhd_13343744"
"2464",1832100,"nhd_13078935"
"2465",150900,"nhd_6864437"
"2466",397100,"nhd_9028145"
"2467",439500,"nhd_6808062"
"2468",258700,"nhd_9035941"
"2469",264800,"nhd_9035987"
"2470",1873500,"nhd_13118784"
"2471",2616200,"nhd_2646972"
"2472",2350500,"nhd_13124042"
"2473",2618100,"nhd_2646860"
"2474",1503000,NA
"2475",1545300,"nhd_13393683"
"2476",2902600,"nhd_1816081"
"2477",25300,"nhd_12162854"
"2478",1000700,"nhd_14708626"
"2479",179100,"nhd_6866439"
"2480",117000,"nhd_6866375"
"2481",2430300,"nhd_13117590"
"2482",977600,"nhd_13631447"
"2483",659000,"nhd_6842645"
"2484",1574300,"nhd_13394643"
"2485",61200,"nhd_12176202"
"2486",148100,"nhd_166766678"
"2487",60500,"nhd_12176192"
"2488",104200,"nhd_6866483"
"2489",1215400,NA
"2490",1340200,"nhd_14707388"
"2491",1258100,"nhd_13634335"
"2492",2298300,"nhd_13345498"
"2493",2436600,"nhd_13118836"
"2494",1843700,"nhd_13345588"
"2495",2424600,"nhd_120053122"
"2496",1887400,"nhd_13118804"
"2497",2491500,"nhd_1851931"
"2498",2053400,"nhd_13107531"
"2499",884700,"nhd_13424965"
"2500",799200,"nhd_13296492"
"2501",780300,"nhd_13294778"
"2502",768800,"nhd_14767786"
"2503",816800,"nhd_13294786"
"2504",808700,"nhd_120052352"
"2505",466700,"nhd_6808090"
"2506",1002400,"nhd_14726488"
"2507",2065900,"nhd_13085025"
"2508",732200,"nhd_13107553"
"2509",283800,"nhd_9030027"
"2510",1714900,"nhd_13134985"
"2511",1000700,NA
"2512",1000700,NA
"2513",2092500,"nhd_13124126"
"2514",2618000,"nhd_2646860"
"2515",93100,"nhd_13062495"
"2516",2351800,"nhd_13124240"
"2517",1304600,"nhd_14710220"
"2518",1249000,"nhd_13631701"
"2519",1835200,"nhd_13343628"
"2520",271100,"nhd_9033805"
"2521",741500,"nhd_14767864"
"2522",755700,"nhd_14767870"
"2523",2399700,"nhd_13120880"
"2524",1618100,"nhd_13394361"
"2525",1304600,"nhd_14710220"
"2526",1289700,"nhd_13652594"
"2527",2269000,"nhd_12990981"
"2528",2267800,"nhd_12991001"
"2529",462000,"nhd_6808374"
"2530",56200,"nhd_12176252"
"2531",173500,"nhd_6866595"
"2532",2436500,"nhd_13118882"
"2533",2318500,"nhd_13345726"
"2534",2322200,"nhd_13344122"
"2535",2463100,"nhd_2266827"
"2536",1866700,NA
"2537",663800,"nhd_6842707"
"2538",622600,"nhd_6842745"
"2539",186700,"nhd_9036057"
"2540",1591000,"nhd_13393681"
"2541",2399700,"nhd_13120880"
"2542",1756000,NA
"2543",805400,"nhd_13293262"
"2544",2264000,"nhd_12990909"
"2545",1377700,"nhd_14704062"
"2546",2678100,"nhd_2266341"
"2547",2601500,"nhd_120053219"
"2548",2627000,"nhd_120053130"
"2549",447100,"nhd_6808812"
"2550",1800500,"nhd_2731824"
"2551",1369900,"nhd_14705482"
"2552",747100,"nhd_14768092"
"2553",2435000,"nhd_13118870"
"2554",2654500,"nhd_2266091"
"2555",2331300,"nhd_13344234"
"2556",2271100,"nhd_12990851"
"2557",1014300,"nhd_13393503"
"2558",2322800,"nhd_13346740"
"2559",1332200,"nhd_14705890"
"2560",194000,"nhd_9026645"
"2561",1544700,"nhd_13393821"
"2562",493100,"nhd_6808388"
"2563",303600,NA
"2564",323700,"nhd_9029767"
"2565",9800,NA
"2566",11500,NA
"2567",1736200,"nhd_13134709"
"2568",703500,"nhd_6842359"
"2569",2193300,"nhd_12980603"
"2570",43900,"nhd_12161140"
"2571",835800,"nhd_13281252"
"2572",279400,"nhd_9032763"
"2573",1378100,NA
"2574",2355300,"nhd_13124036"
"2575",1322400,NA
"2576",490000,"nhd_6808360"
"2577",415000,"nhd_6800772"
"2578",1727700,"nhd_13134705"
"2579",1506800,"nhd_13400013"
"2580",1516500,"nhd_13395257"
"2581",2310200,"nhd_13343252"
"2582",2742100,"nhd_2260935"
"2583",2068000,"nhd_120053694"
"2584",779000,NA
"2585",28300,"nhd_12162810"
"2586",1835300,"nhd_13344170"
"2587",716800,"nhd_14445790"
"2588",2400000,"nhd_13121004"
"2589",2396800,"nhd_13121022"
"2590",139900,"nhd_6863055"
"2591",1694700,NA
"2592",2832200,"nhd_1797381"
"2593",1642700,NA
"2594",864000,"nhd_13290262"
"2595",2486600,"nhd_2266119"
"2596",692400,"nhd_166766657"
"2597",692900,"nhd_120052170"
"2598",853200,"nhd_13290718"
"2599",18600,NA
"2600",1215100,NA
"2601",775200,"nhd_13290886"
"2602",267200,"nhd_9035875"
"2603",310,NA
"2604",380,NA
"2605",262600,"nhd_9035983"
"2606",2110900,"nhd_13079023"
"2607",733850,"nhd_14783607"
"2608",2110900,NA
